inst_id,name,city,district,org_type,inst_kind,address,phone,website,approved_capacity,enrolled,staff_count,teacher_count,status,child_service,data_sources
KA17D8F5F9A,新北市北大非營利幼兒園,新北市,,非營利,獨立幼兒園,,,,162,137,23,17,,,僅決算報告
K9A79920811,新北市大觀非營利幼兒園,新北市,,非營利,獨立幼兒園,,,,100,99,13,10,,,僅決算報告
K67BABA0726,新北市新店及人非營利幼兒園,新北市,,非營利,獨立幼兒園,,,,104,60,11,8,,,僅決算報告
KF31C21F4B0,新北市新林非營利幼兒園,新北市,,非營利,獨立幼兒園,,,,128,128,16,11,,,僅決算報告
K80E1F29C88,國家教育研究院員工子女非營利幼兒園(委託財團法人彭婉如文教基金會辦理),新北市,三峽區,非營利,獨立幼兒園,三樹路2號1樓,(02)26725016,,75,,,,,無,官方主檔
KB40FD95D40,新北市三峽區三峽國民小學附設幼兒園,新北市,三峽區,公立,國小附設幼兒園,中山路16號,(02)26711018#850,http://tw.class.uschoolnet.com/class/?csid=css000000090390,180,,,,,無,官方主檔
KB477FF3958,新北市三峽區五寮國民小學附設幼兒園,新北市,三峽區,公立,國小附設幼兒園,69號,(02)26720298#30,https://www.facebook.com/pages/%E6%96%B0%E5%8C%97%E5%B8%82%E4%B8%89%E5%B3%BD%E4%BA%94%E5%AF%AE%E9%99,30,,,,,無,官方主檔
KEAF2518E0E,新北市三峽區介壽國民小學附設幼兒園,新北市,三峽區,公立,國小附設幼兒園,大同路1號,(02)26712392#60,https://sites.google.com/view/jses-preschool/%E6%9C%80%E6%96%B0%E6%B6%88%E6%81%AF,212,,,,,無,官方主檔
K02E758DC60,新北市三峽區大埔國民小學附設幼兒園,新北市,三峽區,公立,國小附設幼兒園,大埔路130號,(02)26712523#140,https://www.facebook.com/profile.php?id=100057304786132,60,,,,,無,官方主檔
K4F722709C9,新北市三峽區建安國民小學附設幼兒園,新北市,三峽區,公立,國小附設幼兒園,建安路67號,(02)26726783#105,http://sheepclass.blogspot.com/,30,,,,,無,官方主檔
KC6F5A4CBDE,新北市三峽區民義國民小學附設幼兒園,新北市,三峽區,公立,國小附設幼兒園,白雞路40號,(02)26711895#841,http://tw.class.uschoolnet.com/class/?csid=css000000181882,30,,,,,無,官方主檔
KA614749434,新北市三峽區農會附設新北市私立幼兒園,新北市,三峽區,私立,法人公司附設幼兒園,長泰街98巷5號2樓,(02)26711002#126,http://samhsia.topschool.com.tw/,89,,,,,無,官方主檔
KF984F05B3B,新北市中園非營利幼兒園(委託財團法人成長文教基金會辦理),新北市,三峽區,非營利,獨立幼兒園,弘園街22號,(02)86720070,https://sites.google.com/view/20190801zhongyuan/,136,121,18,13,,無,官方主檔＋決算報告
KEC01AF1FDC,新北市佳家非營利幼兒園(委託財團法人享翔葉克膜教育基金會辦理),新北市,三峽區,非營利,獨立幼兒園,國北街2號1樓,(02)26730573,https://www.facebook.com/share/19GcdUSK1i/?mibextid=wwXIfr,90,,,,,無,官方主檔
KD3830F6D52,新北市北大非營利幼兒園(委託明新學校財團法人明新科技大學辦理),新北市,三峽區,非營利,獨立幼兒園,國光街100號A棟1樓至2樓,(02)26747373,,182,,,,,無,官方主檔
K2415A70C05,新北市安溪非營利幼兒園(委託社團法人桃園市教保服務人員協會辦理),新北市,三峽區,非營利,獨立幼兒園,中華路42號,(02)26718607,,136,118,18,12,,無,官方主檔＋決算報告
K25B89B6B3E,新北市漢翔非營利幼兒園(委託財團法人三之三生命教育基金會辦理),新北市,三峽區,非營利,獨立幼兒園,大學路218號1至3樓,(02)26729891,,76,72,8,7,,無,官方主檔＋決算報告
K7D6DA71B9D,新北市私立佩思幼兒園,新北市,三峽區,私立,獨立幼兒園,中華路25號1樓,(02)26728882,,29,,,,,無,官方主檔
K7144F44D09,新北市私立佳兒幼兒園,新北市,三峽區,私立,獨立幼兒園,中正路1段108巷30號1-2樓,(02)26718964,新北市私立佳兒幼兒園臉書粉專,210,,,,,無,官方主檔
KB01C06EA06,新北市私立佳宜幼兒園,新北市,三峽區,私立,獨立幼兒園,介壽路1段183號1、2樓,(02)26713610,,210,,,,,無,官方主檔
KAC058BBD25,新北市私立北大幼兒園,新北市,三峽區,私立,獨立幼兒園,復興路177巷8號1樓、10號1、2樓,(02)26721286,,60,,,,,無,官方主檔
K6F6CD55240,新北市私立啟育藝術幼兒園,新北市,三峽區,私立,獨立幼兒園,民生街59號1、2、3樓及民生街27巷14、16、18、20、22號各1樓,(02)26719995,chiyu.topschool.com.tw,384,,,,,有，人數：76,官方主檔
K09C2FF706D,新北市私立娃娃國幼兒園,新北市,三峽區,私立,獨立幼兒園,大義路239號,(02)86719717,,45,,,,,無,官方主檔
KC09557BE7B,新北市私立小甜甜幼兒園,新北市,三峽區,私立,獨立幼兒園,中山路106巷17弄14號1、2樓,(02)86710663,http://kids-sweet.blogkids.net/,61,,,,,無,官方主檔
K19BAA2D55D,新北市私立山姆叔叔幼兒園,新北市,三峽區,私立,獨立幼兒園,學勤路125號1.2樓,(02)86712899#9,,146,,,,,無,官方主檔
KCC1AB16535,新北市私立快樂靜思園幼兒園,新北市,三峽區,私立,獨立幼兒園,中華路15巷5號1樓(含夾層)、7號1樓(含夾層),(02)86717127,https://www.facebook.com/HappyJingSiyuankindergarten/,29,,,,,無,官方主檔
K5534ACC8C4,新北市私立恆育幼兒園,新北市,三峽區,私立,獨立幼兒園,"橫溪路99巷76,78,80號",(02)86763857,http://hungyu.pckids.com.tw/,75,,,,,無,官方主檔
K7E6F1457CB,新北市私立文化幼兒園,新北市,三峽區,私立,獨立幼兒園,大勇路3巷1、3號,(02)26717156,,60,,,,,,官方主檔
KE74D409810,新北市私立文強幼兒園,新北市,三峽區,私立,獨立幼兒園,中山路257巷2號、4號1樓,(02)26718832,,60,,,,,無,官方主檔
K5C9A3C9AA9,新北市私立東北藝園幼兒園,新北市,三峽區,私立,獨立幼兒園,民族街28巷9弄12、16、20號各1樓,(02)26713321,https://www.facebook.com/treasure1989,93,,,,,無,官方主檔
K5A6E9E2D2C,新北市私立東橙幼兒園,新北市,三峽區,私立,獨立幼兒園,大德路70號及72號1、2樓,(02)26731996,,146,,,,,無,官方主檔
KEF0A7CE676,新北市私立溫特爾幼兒園,新北市,三峽區,私立,獨立幼兒園,三樹路336號1、2、3樓,(02)26718181,,495,,,,,有，人數：40,官方主檔
K78A58F60EF,新北市私立瑪莉亞蒙特梭利幼兒園,新北市,三峽區,私立,獨立幼兒園,大德路493號1樓(含夾層),(02)86726343,http://Maria.topschool.com.tw,60,,,,,無,官方主檔
K53EC5E936C,新北市私立璦俐兒幼兒園,新北市,三峽區,私立,獨立幼兒園,"大同路1-5號1,2樓",(02)26742222,,60,,,,,無,官方主檔
KD97C0104FE,新北市私立童妍幼兒園,新北市,三峽區,私立,獨立幼兒園,大學路151號1樓,(02)86710636,,90,,,,,無,官方主檔
K08F4617608,新北市私立童話村幼兒園,新北市,三峽區,私立,獨立幼兒園,光明路100之6號2樓,(02)86725570,,44,,,,,無,官方主檔
KBF0D897450,新北市私立聖母幼兒園,新北市,三峽區,私立,獨立幼兒園,中園街71-1號,(02)86713100,http://hmk.topschool.com.tw,60,,,,,無,官方主檔
K8171DCF07F,新北市私立育全三峽幼兒園,新北市,三峽區,私立,獨立幼兒園,長泰街24號1樓、24之1號1樓、2樓、3樓,(02)26748181,,346,,,,,無,官方主檔
K1F759FBA7C,新北市私立金祥慈幼兒園,新北市,三峽區,私立,獨立幼兒園,和平街36巷7弄1號1.2樓,(02)26741273,,57,,,,,無,官方主檔
K3C05920BAF,新北市立三峽國民中學附設幼兒園,新北市,三峽區,公立,國中附設幼兒園,復興路238號,(02)26711043#300,http://163.20.129.5/class/index.php?groupname=w1212,76,,,,,無,官方主檔
K6ACD070BAE,新北市立三峽幼兒園,新北市,三峽區,公立,獨立幼兒園,溪東路218巷1號2樓,(02)86762565,https://sanxiaedu.blogspot.com/,85,,,,,無,官方主檔
KE47350C09E,新北市立三峽幼兒園中興分班,新北市,三峽區,公立,獨立幼兒園,介壽路二段136巷63號,(02)86763332#28,,30,,,,,無,官方主檔
K6401E9A647,新北市立三峽幼兒園龍埔分班,新北市,三峽區,公立,獨立幼兒園,三樹路214巷9號,(02)26733873,,80,,,,,無,官方主檔
K671FCBD993,新北市立安溪國民中學附設幼兒園,新北市,三峽區,公立,國中附設幼兒園,大同路135號,(02)26717851#501,https://www.facebook.com/asjh.kid/?ref=bookmarks,166,,,,,無,官方主檔
K8CC5901358,新北市立插角森林實驗小學附設幼兒園,新北市,三峽區,公立,國小附設幼兒園,39號,(02)26720230#840,https://www.facebook.com/a860602,30,,,,,無,官方主檔
K54E0E6A4A2,新北市龍埔成長非營利幼兒園(委託財團法人成長文教基金會辦理),新北市,三峽區,非營利,獨立幼兒園,大學路6號,(02)86719390,,90,71,12,9,,無,官方主檔＋決算報告
KB573503614,清福長照社團法人附設新北市私立清福幼兒園,新北市,三峽區,私立,法人公司附設幼兒園,介壽路1段261號1樓,(02)86726006,,30,,,,,無,官方主檔
K266ABF8E96,財團法人享翔葉克膜教育基金會附設新北市私立翔耀幼兒園,新北市,三峽區,私立,法人公司附設幼兒園,大德路302號1樓,(02)26730873,,66,,,,,無,官方主檔
KE84D31D177,新北市三芝區三芝國民小學附設幼兒園,新北市,三芝區,公立,國小附設幼兒園,育英街22號,(02)26362005#160,https://sites.google.com/kidmail.ntpc.edu.tw/k100133/%E9%A6%96%E9%A0%81,106,,,,,無,官方主檔
KABEE61AA53,新北市三芝區興華國民小學附設幼兒園,新北市,三芝區,公立,國小附設幼兒園,5號,(02)26371366#207,http://www.hhes.ntpc.edu.tw,30,,,,,無,官方主檔
K1AACB1D332,新北市私立幼親國際幼兒園,新北市,三芝區,私立,獨立幼兒園,公正街30號2樓、公正街34號,(02)26368323,,58,,,,,無,官方主檔
K4774F66FF9,新北市私立幼親幼兒園,新北市,三芝區,私立,獨立幼兒園,公正街60號2樓,(02)26368323,,32,,,,,無,官方主檔
K80D6D3BA9F,新北市私立敦品幼兒園,新北市,三芝區,私立,獨立幼兒園,中山路一段39號2樓、41號2樓,(02)86352801,,65,,,,,無,官方主檔
K12F1F24F76,新北市私立芝柏幼兒園,新北市,三芝區,私立,獨立幼兒園,觀海街1號1樓、2樓,(02)26361104,facebook.com/profile.php?id=100057493538036,70,,,,,無,官方主檔
K6E77273D30,新北市立三芝幼兒園,新北市,三芝區,公立,獨立幼兒園,民生街31號2樓,(02)26363047,http://daycare.ntpc.edu.tw/web/sanzhi/,73,,,,,無,官方主檔
K15AE79DDDA,新北市立三芝幼兒園福成分班,新北市,三芝區,公立,獨立幼兒園,中山路一段14號,(02)26361351,http://daycare.ntpc.edu.tw/web/sanzhi/,42,,,,,無,官方主檔
KF2230A7135,馬偕學校財團法人馬偕醫護管理專科學校附設新北市私立馬偕示範幼兒園,新北市,三芝區,私立,高中職大專附設幼兒園,中正路3段42號1樓,(02)26366799#3271,,60,,,,,無,官方主檔
K949AEF8790,品哲文化股份有限公司附設新北市私立英群幼兒園,新北市,三重區,私立,法人公司附設幼兒園,水漾路一段126號,(02)29728080,,270,,,,,無,官方主檔
K0D74748F5D,新北市三重區三光國民小學附設幼兒園,新北市,三重區,公立,國小附設幼兒園,大同南路157號,(02)29753308#671,,166,,,,,無,官方主檔
KF35B91096B,新北市三重區三重國民小學附設幼兒園,新北市,三重區,公立,國小附設幼兒園,三和路3段1號,(02)29722095#180,http://www.tsces.ntpc.edu.tw/default_page.asp,60,,,,,無,官方主檔
KF8B7F2074C,新北市三重區二重國民小學附設幼兒園,新北市,三重區,公立,國小附設幼兒園,大有街10號,(02)29846446#190,https://www.eces.ntpc.edu.tw/p/404-1000-562.php,60,,,,,無,官方主檔
K921EDFA71F,新北市三重區五華國民小學附設幼兒園,新北市,三重區,公立,國小附設幼兒園,集賢路89號,(02)28575431,http://www.whes.ntpc.edu.tw/,120,,,,,無,官方主檔
KD0E1C78217,新北市三重區修德國民小學附設幼兒園,新北市,三重區,公立,國小附設幼兒園,重陽路三段3號,(02)29800495#601,reurl.cc/A2K1bZ,60,,,,,無,官方主檔
K64D493DC7B,新北市三重區光榮國民小學附設幼兒園,新北市,三重區,公立,國小附設幼兒園,介壽路32號,(02)29730392#700,http://pps.ntpc.edu.tw,226,,,,,無,官方主檔
KACE95911C9,新北市三重區光興國民小學附設幼兒園,新北市,三重區,公立,國小附設幼兒園,正義南路62號,(02)29755352#170,https://www.kses.ntpc.edu.tw/p/403-1000-70.php,226,,,,,無,官方主檔
K350758D934,新北市三重區厚德國民小學附設幼兒園,新北市,三重區,公立,國小附設幼兒園,忠孝路一段70號1樓,(02)29868825#52,http://www.hdes.ntpc.edu.tw/,90,,,,,無,官方主檔
KD812363456,新北市三重區正義國民小學附設幼兒園,新北市,三重區,公立,國小附設幼兒園,信義西街31號,(02)29853138#1110,https://sites.google.com/jyes.ntpc.edu.tw/child,120,,,,,無,官方主檔
K7C85904F9D,新北市三重區永福國民小學附設幼兒園,新北市,三重區,公立,國小附設幼兒園,永福街66號,(02)22876716#891,http://www.yfps.ntpc.edu.tw,60,,,,,無,官方主檔
KF78CA315A6,新北市三重區碧華國民小學附設幼兒園,新北市,三重區,公立,國小附設幼兒園,五華街160號,(02)28577792#800,https://sites.google.com/bhes.ntpc.edu.tw/bheskid,210,,,,,無,官方主檔
K23562A2506,新北市三重區興穀國民小學附設幼兒園,新北市,三重區,公立,國小附設幼兒園,神農街101號,(02)29990725#150,http://www.skps.ntpc.edu.tw/,76,,,,,無,官方主檔
K30516ED1CB,新北市三重區重陽國民小學附設幼兒園,新北市,三重區,公立,國小附設幼兒園,中正北路113號,(02)29826272#320,https://sites.google.com/a/kidmail.ntpc.edu.tw/xin-bei-shi-san-zhong-qu-zhong-yang-guo-min-xiao-xue-,210,,,,,無,官方主檔
K36733F897C,新北市三重區集美國民小學附設幼兒園,新北市,三重區,公立,國小附設幼兒園,集美街10號,(02)89725390#150,https://sites.google.com/kidmail.ntpc.edu.tw/jmes/%E9%A6%96%E9%A0%81,120,,,,,無,官方主檔
K4574C62080,新北市碧城非營利幼兒園(委託財團法人仁德醫護管理專科學校辦理),新北市,三重區,非營利,獨立幼兒園,三信路166號1、2、3樓,(02)28577058,,120,109,13,9,,無,官方主檔＋決算報告
K2181162AA5,新北市私立三和幼兒園,新北市,三重區,私立,獨立幼兒園,三和路4段123號1、2、3樓,(02)22809318,,66,,,,,無,官方主檔
KCBF182EFF4,新北市私立三重忠孝幼兒園,新北市,三重區,私立,獨立幼兒園,中正北路145巷6弄1號,(02)29894383,,60,,,,,無,官方主檔
K05874DDED3,新北市私立上綸幼兒園,新北市,三重區,私立,獨立幼兒園,正義南路105巷13號1樓,(02)89723282,,38,,,,,無,官方主檔
KFA7D229879,新北市私立丹力幼兒園,新北市,三重區,私立,獨立幼兒園,重陽路3段154號1樓、152號2樓,(02)89883300,,72,,,,,無,官方主檔
K7CF9E85564,新北市私立仁慈幼兒園,新北市,三重區,私立,獨立幼兒園,"五華街21巷39號1,2樓",(02)89882711,,29,,,,,無,官方主檔
KE63FE0DF63,新北市私立來來幼兒園,新北市,三重區,私立,獨立幼兒園,"新北大道一段100巷11號1、2樓,13號1樓,15號1樓,17號2、3樓",(02)29893961,,113,,,,,無,官方主檔
K5859D858C7,新北市私立兒童天地幼兒園,新北市,三重區,私立,獨立幼兒園,力行路2段162巷3號1、2樓,(02)22865791,,27,,,,,無,官方主檔
KBE3D56F352,新北市私立加州森林國際幼兒園,新北市,三重區,私立,獨立幼兒園,三信路100號1樓、2樓、3樓,(02)28579000,,531,,,,,無,官方主檔
K5093D88190,新北市私立勁寶兒喜星園幼兒園,新北市,三重區,私立,獨立幼兒園,"成功路28號1,2樓",(02)89729002,,51,,,,,無,官方主檔
K70702B5FAD,新北市私立吉德幼兒園,新北市,三重區,私立,獨立幼兒園,新興路30號及32號1樓、2樓,(02)29771397,,70,,,,,無,官方主檔
KAE92A226A5,新北市私立吉的堡英資幼兒園,新北市,三重區,私立,獨立幼兒園,重陽路4段24號、26號、28號1~3樓,(02)29855548,,187,,,,,無,官方主檔
KCD9348B655,新北市私立啟文幼兒園,新北市,三重區,私立,獨立幼兒園,"溪尾街106號1,2,3樓",(02)22877049,,110,,,,,無,官方主檔
KA2C164256B,新北市私立喜星園幼兒園,新北市,三重區,私立,獨立幼兒園,成功路22號2樓之1,(02)89729002,,30,,,,,無,官方主檔
K65E1D7DAD9,新北市私立喬大幼兒園,新北市,三重區,私立,獨立幼兒園,力行路1段179巷10號1樓、2樓,(02)29899921,kids29899921@yahoo.com.tw,34,,,,,無,官方主檔
KB27821AF0D,新北市私立夏綠蒂幼兒園,新北市,三重區,私立,獨立幼兒園,五華街21巷15號1、2、3樓及13號2、3樓,(02)29863649,,138,,,,,無,官方主檔
K5282BB6A4C,新北市私立大全幼兒園,新北市,三重區,私立,獨立幼兒園,重陽路一段26巷37號、39號1樓,(02)29862497,,60,,,,,無,官方主檔
K644183571F,新北市私立天鵝園幼兒園,新北市,三重區,私立,獨立幼兒園,中正北路118巷3號1樓,(02)29711973,,34,,,,,無,官方主檔
KAB119698BB,新北市私立威妮斯特堡幼兒園,新北市,三重區,私立,獨立幼兒園,五華街161號1、2樓,(02)28572999,,170,,,,,無,官方主檔
K1598DB1EC7,新北市私立子禕天地幼兒園,新北市,三重區,私立,獨立幼兒園,光興街2號1、2樓,(02)29736113,,37,,,,,無,官方主檔
K2B0FB2987D,新北市私立學仕幼兒園,新北市,三重區,私立,獨立幼兒園,重新路三段202、204號2樓、3樓,(02)29747878,,93,,,,,無,官方主檔
K1E44301ED7,新北市私立安尼爾幼兒園,新北市,三重區,私立,獨立幼兒園,仁政街111、113號1樓,(02)89817555,gracea168@yahoo.com.tw,75,,,,,無,官方主檔
KC854360A5D,新北市私立宜德幼兒園,新北市,三重區,私立,獨立幼兒園,仁愛街445巷35、37、39、41號1樓,(02)29800352,,37,,,,,無,官方主檔
KDB3116B36A,新北市私立宥寶幼兒園,新北市,三重區,私立,獨立幼兒園,下竹圍街93巷1、3號1樓,(02)22802567,,45,,,,,無,官方主檔
K87BF1F4F53,新北市私立富群幼兒園,新北市,三重區,私立,獨立幼兒園,捷運路43號1、2、3樓,(02)29703228,,180,,,,,無,官方主檔
K8C7C82F947,新北市私立幼苗國際幼兒園,新北市,三重區,私立,獨立幼兒園,"中正北路165巷2號1樓,2樓,3樓",(02)89814080,,228,,,,,無,官方主檔
KE554881BEB,新北市私立強森園幼兒園,新北市,三重區,私立,獨立幼兒園,"三張街149巷16號1,2樓",(02)89814131,,38,,,,,無,官方主檔
K58BDD213E8,新北市私立徠安幼兒園,新北市,三重區,私立,獨立幼兒園,重安街12號1、2樓,(02)29776789,,51,,,,,無,官方主檔
K6F5C79B059,新北市私立復國幼兒園,新北市,三重區,私立,獨立幼兒園,仁義街211巷3、5號,(02)29883299,無,36,,,,,無,官方主檔
K12377A9D26,新北市私立惠文兒童領袖幼兒園,新北市,三重區,私立,獨立幼兒園,五華街207號1、2、3樓,(02)28570626,,237,,,,,無,官方主檔
K350B0295E3,新北市私立惠文幼兒園,新北市,三重區,私立,獨立幼兒園,五華街149號1樓,(02)28570626#101,,60,,,,,無,官方主檔
KD72644FF30,新北市私立愛箂兒幼兒園,新北市,三重區,私立,獨立幼兒園,集美街121號1樓及2樓、119號2樓、成功路73巷35號2樓,(02)29778696,,74,,,,,無,官方主檔
K2C0C2B3AE7,新北市私立探索幼兒園,新北市,三重區,私立,獨立幼兒園,重新路四段57號1樓,(02)89811737#11,,60,,,,,無,官方主檔
KFFE78C9E0F,新北市私立新二重幼兒園,新北市,三重區,私立,獨立幼兒園,忠孝路三段93巷6號2樓,(02)89815751,,29,,,,,無,官方主檔
K71F7BAB2E4,新北市私立新學林幼兒園,新北市,三重區,私立,獨立幼兒園,仁義街307號1、2樓,(02)28575598,,36,,,,,無,官方主檔
K8EF892902E,新北市私立新寰宇國際幼兒園,新北市,三重區,私立,獨立幼兒園,集仁街81號1、2、3樓,(02)2857-8081,,180,,,,,無,官方主檔
KA21C8DBE6B,新北市私立新永福幼兒園,新北市,三重區,私立,獨立幼兒園,力行路2段136巷23弄20號2樓及22、24、26號1、2樓,(02)22869049,,109,,,,,無,官方主檔
K7732459ACB,新北市私立新碧華幼兒園,新北市,三重區,私立,獨立幼兒園,分子尾街32號1樓,(02)29896058,http://bihua.52school.com.tw,90,,,,,無,官方主檔
K3F9DB76308,新北市私立東光幼兒園,新北市,三重區,私立,獨立幼兒園,仁壽街200號,(02)29732617,163.20.166.222/kids/Homepage.php?,60,,,,,無,官方主檔
K7F1898A349,新北市私立班博士幼兒園,新北市,三重區,私立,獨立幼兒園,三和路1段48號1、2樓、50號1、2樓,(02)29725412,,68,,,,,無,官方主檔
K4B57478903,新北市私立甜甜幼兒園,新北市,三重區,私立,獨立幼兒園,三和路三段83巷1、3、5、7號1樓及9號1~2樓,(02)29729876,,150,,,,,無,官方主檔
K0184D2B4C8,新北市私立翊華三重國際幼兒園,新北市,三重區,私立,獨立幼兒園,集賢路181號,(02)28572045,,195,,,,,無,官方主檔
KA5A5219640,新北市私立肯妮斯幼兒園,新北市,三重區,私立,獨立幼兒園,三信路7號1、2樓及9號2樓,(02)28579988,,65,,,,,無,官方主檔
K25BC6F140A,新北市私立育林幼兒園,新北市,三重區,私立,獨立幼兒園,頂崁街187巷4號、6號1樓,(02)29811051,,60,,,,,無,官方主檔
K0AD16512D9,新北市私立艾力克幼兒園,新北市,三重區,私立,獨立幼兒園,三和路2段37號3樓,(02)29783755,,75,,,,,無,官方主檔
KC106DB84A9,新北市私立艾美樂幼兒園,新北市,三重區,私立,獨立幼兒園,集美街112巷9號1樓、2樓、11號1樓,(02)29753317,,51,,,,,無,官方主檔
KD31C7C0285,新北市私立英嘉幼兒園,新北市,三重區,私立,獨立幼兒園,三和路三段16巷2、4、6、8號1樓,(02)29822666,,300,,,,,無,官方主檔
K700CB71ED7,新北市私立茱莉亞園幼兒園,新北市,三重區,私立,獨立幼兒園,三民路175巷25號1-2樓、27號1-3樓、重陽路2段52巷83弄4號1樓、6號1-3樓,(02)29850500,http:/juilliard97@yahoo.com.tw,175,,,,,無,官方主檔
K2F6ADCA7E4,新北市私立華兒園精緻幼兒園,新北市,三重區,私立,獨立幼兒園,三和路二段75號2樓,(02)29761536,,61,,,,,有，人數：13,官方主檔
K8465C585FC,新北市私立華納幼兒園,新北市,三重區,私立,獨立幼兒園,新北大道一段115號1、2樓,(02)89826868,,170,,,,,無,官方主檔
KBFD6E32449,新北市私立華芯國際幼兒園,新北市,三重區,私立,獨立幼兒園,光復路1段45號、45號之2,(02)29958811,,167,,,,,無,官方主檔
K9D7999A732,新北市私立藤井樹幼兒園,新北市,三重區,私立,獨立幼兒園,五華街122巷3號(門牌整編含5號)1樓,(02)29818500,,39,,,,,無,官方主檔
K98D0D5B042,新北市私立蘋果樹仁政幼兒園,新北市,三重區,私立,獨立幼兒園,仁政街76巷6、8、10、12號各1樓及6號2樓、12號2樓,(02)29850518,,85,,,,,有，人數：10,官方主檔
K39E2D69ECA,新北市私立象寶園幼兒園,新北市,三重區,私立,獨立幼兒園,"忠孝路三段40巷59號1,2,3樓",(02)89818593,,66,,,,,無,官方主檔
KA0D069142A,新北市私立邦仁幼兒園,新北市,三重區,私立,獨立幼兒園,溪尾街328號1、2樓,(02)28575786,,56,,,,,無,官方主檔
K32CF7F65CB,新北市私立邦喬妮幼兒園,新北市,三重區,私立,獨立幼兒園,"五華街21巷3號1樓,5樓1樓",(02)29831314,,32,,,,,無,官方主檔
K4D2AD16E47,新北市私立重愛幼兒園,新北市,三重區,私立,獨立幼兒園,忠孝路三段40巷1之1號1、2樓,(02)29776688,,41,,,,,有，人數：3,官方主檔
KAA514EB121,新北市私立重愛幼兒園三民分班,新北市,三重區,私立,獨立幼兒園,三民街206之2號2樓,(02)29783188,,30,,,,,無,官方主檔
K26FA97769F,新北市私立重新幼兒園,新北市,三重區,私立,獨立幼兒園,重新路二段21號2樓,(02)29854162,,57,,,,,無,官方主檔
K0C4CB2E39C,新北市私立金吉邇幼兒園,新北市,三重區,私立,獨立幼兒園,洛陽街55巷16號,(02)8981-2079,,51,,,,,無,官方主檔
K7935460087,新北市私立長頸鹿吉凱幼兒園,新北市,三重區,私立,獨立幼兒園,興德路100號1~2樓,(02)85121800,http://giraffe.topschool.com.tw/,80,,,,,無,官方主檔
KB35032AB80,新北市私立鼎群幼兒園,新北市,三重區,私立,獨立幼兒園,福德北路50號1樓,(02)29706018,,29,,,,,無,官方主檔
K1659FB96D1,新北市立三和國民中學附設幼兒園,新北市,三重區,公立,國中附設幼兒園,三和路四段216號,(02)22879890#777,sites.google.com/view/shjhkid/%E9%A6%96%E9%A0%81,120,,,,,無,官方主檔
K567B392395,新北市立三重幼兒園,新北市,三重區,公立,獨立幼兒園,新北大道一段9號3樓,(02)89838241,http://daycare.ntpc.edu.tw/web/sanchong/,94,,,,,無,官方主檔
K3A86FBF0CD,新北市立三重幼兒園崇德分班,新北市,三重區,公立,獨立幼兒園,仁孝街62號1樓,(02)29725078,https://sanchong68174646.blogspot.com/,80,,,,,無,官方主檔
K5DB9F32D9F,新北市立三重高級中學附設幼兒園,新北市,三重區,公立,高中職大專附設幼兒園,集美街212號,(02)29760501#410,,106,,,,,無,官方主檔
K2023FC2143,新北市立二重國民中學附設幼兒園,新北市,三重區,公立,國中附設幼兒園,忠孝路三段89號,(02)29800164,http://www.ecjh.ntpc.edu.tw/default_page.asp,152,,,,,無,官方主檔
K762CE9A9BD,新北市立光榮國民中學附設幼兒園,新北市,三重區,公立,國中附設幼兒園,介壽路26號,(02)29780211,http://www.grjh.ntpc.edu.tw/news/u_news_v1.asp?id={20729EA6-53B7-42A5-BB16-3FE741A0DCA6},210,,,,,無,官方主檔
KFFAF1E24B5,新北市立明志國民中學附設幼兒園,新北市,三重區,公立,國中附設幼兒園,中正北路107號,(02)29844132#369,,196,,,,,無,官方主檔
KC785288E25,新北市立碧華國民中學附設幼兒園,新北市,三重區,公立,國中附設幼兒園,三信路166號,(02)29851121#600,http://www.bhjh.ntpc.edu.tw,60,,,,,無,官方主檔
K16B45C9C97,財團法人天主教會台北教區附設新北市私立母心幼兒園,新北市,三重區,私立,法人公司附設幼兒園,大同北路115巷3號1樓,(02)29711193,http://www.kjftw.org.tw/school13/school13-index.html,180,,,,,無,官方主檔
KB629445125,內政部國土管理署北區都市基礎工程分署職場互助教保服務中心(委託社團法人中華音樂舞蹈暨表演藝術教育協會辦理),新北市,中和區,私立,職場互助教保服務中心,南山路60之2號,(02)22438282,https://www.facebook.com/cpaminorthedu,30,,,,,無,官方主檔
KC27DA49CC7,國防部陸軍司令部前鋒員工子女非營利幼兒園(委託社團法人中華音樂舞蹈暨表演藝術教育協會辦理),新北市,中和區,非營利,獨立幼兒園,連城路152號1樓,(02)22467676,,60,,,,,無,官方主檔
KC7B4BBF4E3,新北市中和區中和國民小學附設幼兒園,新北市,中和區,公立,國小附設幼兒園,中和路100號,(02)22492550#280,http://tw.class.uschoolnet.com/class/?csid=css000000040275,226,,,,,無,官方主檔
KF61400F326,新北市中和區光復國民小學附設幼兒園,新北市,中和區,公立,國小附設幼兒園,光環路2段1號,(02)32348654#265,https://sites.google.com/view/kfeskid,272,,,,,無,官方主檔
KBF28042D50,新北市中和區復興國民小學附設幼兒園,新北市,中和區,公立,國小附設幼兒園,復興路301巷6號,(02)22472993#251,,120,,,,,無,官方主檔
KA7D64C1378,新北市中和區景新國民小學附設幼兒園,新北市,中和區,公立,國小附設幼兒園,景新街467巷37號,(02)29448021#860861862,http://www.jsps.ntpc.edu.tw/kindergarten,212,,,,,無,官方主檔
K6CAE8696AA,新北市中和區秀山國民小學附設幼兒園,新北市,中和區,公立,國小附設幼兒園,立人街2號,(02)29434353#870,https://sites.google.com/mail.ssps.ntpc.edu.tw/shankid/%E9%A6%96%E9%A0%81,210,,,,,無,官方主檔
K1621F08E4B,新北市中和區積穗國民小學附設幼兒園,新北市,中和區,公立,國小附設幼兒園,員山路154號,(02)32347679#11,https://www.tjsps.ntpc.edu.tw/p/403-1000-71.php,120,,,,,無,官方主檔
K73EFA43EEA,新北市中和區自強國民小學附設幼兒園,新北市,中和區,公立,國小附設幼兒園,莒光路200號,(02)29557936#860,http://www.jcps.ntpc.edu.tw/default.asp,210,,,,,無,官方主檔
K707FFC755D,新北市中和區興南國民小學附設幼兒園,新北市,中和區,公立,國小附設幼兒園,興南路1段135巷24號,(02)29422349#870,,166,,,,,無,官方主檔
KB822FF3AB6,新北市中和區錦和國民小學附設幼兒園,新北市,中和區,公立,國小附設幼兒園,圓通路292號,(02)22479495#250,https://www.facebook.com/profile.php?id=61552806609489&mibextid=JRoKGi,196,,,,,無,官方主檔
KD6A7087AF1,新北市佳和非營利幼兒園(委託康寧學校財團法人康寧大學辦理),新北市,中和區,非營利,獨立幼兒園,中山路二段64巷9之1號,(02)22451106,https://pse.is/5bn585,106,98,13,10,,無,官方主檔＋決算報告
K15CCE45A4E,新北市山北非營利幼兒園(委託財團法人三之三生命教育基金會辦理),新北市,中和區,非營利,獨立幼兒園,莊敬路49巷29弄2號2-3樓,(02)2246-8097,,90,86,13,10,,無,官方主檔＋決算報告
K586CD570BE,新北市私立中仁幼兒園,新北市,中和區,私立,獨立幼兒園,民享街92巷19.21.23號1樓,(02)22221088,,120,,,,,無,官方主檔
K190905C24D,新北市私立中和松柏幼兒園,新北市,中和區,私立,獨立幼兒園,國光街112巷38號、40號、42號,(02)29522578,,60,,,,,無,官方主檔
K43CF89AF84,新北市私立佳南幼兒園,新北市,中和區,私立,獨立幼兒園,民安街42巷32號,(02)22219996,,60,,,,,無,官方主檔
K22A891A515,新北市私立偉恩幼兒園,新北市,中和區,私立,獨立幼兒園,華順街103巷1號,(02)29551153,http://www.wayne.url.tw,90,,,,,無,官方主檔
KD6E948710C,新北市私立兆元幼兒園,新北市,中和區,私立,獨立幼兒園,中和市復興路280巷46弄3、4、5號,0966123177,,50,,,,,無,官方主檔
K8CCD4D19BE,新北市私立創意蘋果幼兒園,新北市,中和區,私立,獨立幼兒園,圓通路367巷2號2樓,(02)22460906,http://mypaper.pchome.com.tw/c_apple,46,,,,,無,官方主檔
K57ACAE2FC0,新北市私立勝利幼兒園,新北市,中和區,私立,獨立幼兒園,新生街186巷5弄13號,(02)22229810,,79,,,,,無,官方主檔
K86F54DE7E6,新北市私立嘉嘉幼兒園,新北市,中和區,私立,獨立幼兒園,中安街188號1~2樓,(02)86608026,,109,,,,,無,官方主檔
K787348E85A,新北市私立嘉煌幼兒園,新北市,中和區,私立,獨立幼兒園,中山路2段63、65號各1、2、3樓,(02)22446566,,80,,,,,無,官方主檔
K719BCE427C,新北市私立奧林匹克幼兒園,新北市,中和區,私立,獨立幼兒園,連城路533號2樓,(02)22221800,,110,,,,,無,官方主檔
K8F785A517F,新北市私立安安堡幼兒園,新北市,中和區,私立,獨立幼兒園,"橋和路298號1,2樓",(02)22408376,http://www.shop2000.com.tw/ananbao//,32,,,,,無,官方主檔
KD38974C4F4,新北市私立安欣幼兒園,新北市,中和區,私立,獨立幼兒園,民德路358號1樓,(02)29530541,,30,,,,,無,官方主檔
K1DDF2B40D7,新北市私立安特幼兒園,新北市,中和區,私立,獨立幼兒園,景平路431巷1號1樓、3號1~2樓,(02)22477523,,30,,,,,無,官方主檔
KD01E40E5AC,新北市私立宏仁蒙特梭利幼兒園,新北市,中和區,私立,獨立幼兒園,景德街13號1樓,(02)29409966,www.29409966.com,30,,,,,無,官方主檔
K361AE845DF,新北市私立實踐幼兒園,新北市,中和區,私立,獨立幼兒園,中山路2段312巷45弄9號、11號、13號、35號、37號1樓,(02)22471488,,130,,,,,無,官方主檔
K5F4356EF0B,新北市私立實踐菁英幼兒園,新北市,中和區,私立,獨立幼兒園,中山路2段332巷76號1樓,(02)22475433,,60,,,,,無,官方主檔
KF19E0F124F,新北市私立小博士幼兒園,新北市,中和區,私立,獨立幼兒園,"中正路792號1,2,3樓,800號2樓之3",(02)22287342,,255,,,,,無,官方主檔
K352BB09DB5,新北市私立小小幼兒園,新北市,中和區,私立,獨立幼兒園,"大勇街60巷16號1樓,18號1樓,16之1號",(02)86681089,,30,,,,,,官方主檔
K2B71C96F48,新北市私立巧可麗巧新幼兒園,新北市,中和區,私立,獨立幼兒園,景平路509號1、2樓,(02)82453686,,83,,,,,無,官方主檔
KF025D04584,新北市私立巨星幼兒園,新北市,中和區,私立,獨立幼兒園,光華街100號、102號及106號1樓,(02)82455738,,59,,,,,無,官方主檔
K73E2D735AF,新北市私立布朗尼幼兒園,新北市,中和區,私立,獨立幼兒園,中正路25號1~2樓、27號1~2樓、29號1~2樓、31號1~2樓,(02)22448900,,130,,,,,無,官方主檔
KE20881DB65,新北市私立底格里思幼兒園,新北市,中和區,私立,獨立幼兒園,中正路675號1~2樓,(02)82266588,,139,,,,,無,官方主檔
K087FF162C5,新北市私立弘儒幼兒園,新北市,中和區,私立,獨立幼兒園,宜安路56之1號1樓,(02)29435789,,30,,,,,無,官方主檔
K8284E799A6,新北市私立弘恩幼兒園,新北市,中和區,私立,獨立幼兒園,員山路406號1~2樓,(02)82218028,,36,,,,,無,官方主檔
KF0122015EA,新北市私立忠合幼兒園,新北市,中和區,私立,獨立幼兒園,秀朗路3段10巷14弄110號,(02)29444892,http://jongher.pckids.com.tw/,75,,,,,無,官方主檔
KA89D1A25C9,新北市私立慈德幼兒園,新北市,中和區,私立,獨立幼兒園,立德街30號1、2、3樓,(02)22227098,,180,,,,,無,官方主檔
KCBE7C40E5E,新北市私立慈祐幼兒園,新北市,中和區,私立,獨立幼兒園,建三路12號,(02)22227028,,120,,,,,無,官方主檔
KC2CAEC66AC,新北市私立成真幼兒園,新北市,中和區,私立,獨立幼兒園,圓通路160號2樓,(02)82451215,http://chengjen.52school.com.tw/,85,,,,,無,官方主檔
KA69B7976CE,新北市私立文大幼兒園,新北市,中和區,私立,獨立幼兒園,員山路428號1及2樓,(02)22225178,,45,,,,,,官方主檔
KD87772CCE5,新北市私立新天地國際蒙特梭利幼兒園,新北市,中和區,私立,獨立幼兒園,景安路49號1、2樓,(02)29477317,,56,,,,,無,官方主檔
KC634D319F0,新北市私立新時代幼兒園,新北市,中和區,私立,獨立幼兒園,莒光路120巷14號1~2樓、16號1~2樓,(02)29585161,,32,,,,,無,官方主檔
KDABE9F2532,新北市私立日光幼兒園,新北市,中和區,私立,獨立幼兒園,中正路80號2樓之1,(02)22462222,,188,,,,,無,官方主檔
K7BD3512809,新北市私立春池幼兒園,新北市,中和區,私立,獨立幼兒園,宜安路118巷2號1樓及112號2樓、2樓之1、2樓之2、2樓之3,(02)32338909#115,www.spring-pond.org/pongo,108,,,,,無,官方主檔
K6DA7696008,新北市私立時代幼兒園,新北市,中和區,私立,獨立幼兒園,莒光路84巷22號1樓、24號1樓,(02)29585161,,55,,,,,無,官方主檔
K451AD7CD0F,新北市私立普林斯頓幼兒園,新北市,中和區,私立,獨立幼兒園,中正路839巷31號,(02)82212186,www.princeton-art.com.tw,58,,,,,無,官方主檔
K30C037C68B,新北市私立景光幼兒園,新北市,中和區,私立,獨立幼兒園,"景新街467巷35弄16,18號各1樓",(02)29427833,,40,,,,,無,官方主檔
KE61DF46FEE,新北市私立景平幼兒園,新北市,中和區,私立,獨立幼兒園,和平街54巷1弄4.6號,(02)29431030,,60,,,,,無,官方主檔
KD39D6D26BD,新北市私立景新幼兒園,新北市,中和區,私立,獨立幼兒園,景新街231之6號1樓,(02)29408146,,40,,,,,無,官方主檔
K76BCB9AC58,新北市私立格林幼兒園,新北市,中和區,私立,獨立幼兒園,興南路一段117巷1弄1及3號1樓、107號1樓、107-1號2樓、109號1樓、109-1號2樓,(02)29470979,,100,,,,,無,官方主檔
K21A43D6666,新北市私立森堡幼兒園,新北市,中和區,私立,獨立幼兒園,"保健路123號1、2樓,125號1樓",(02)29496007,,40,,,,,無,官方主檔
K9CDCC4A94A,新北市私立椰林幼兒園,新北市,中和區,私立,獨立幼兒園,中和市安平路68號1樓及夾層,(02)29489587,,29,,,,,無,官方主檔
KDE9BBCA86E,新北市私立欣明幼兒園,新北市,中和區,私立,獨立幼兒園,圓通路294巷11弄4、6號,(02)22471557,,50,,,,,無,官方主檔
KE10B2B3BCB,新北市私立民德義泉幼兒園,新北市,中和區,私立,獨立幼兒園,民德路198號1、2、3樓,(02)29628198,http://www.yi-chuan.com.tw/,39,,,,,無,官方主檔
K3E40793122,新北市私立民治園幼兒園,新北市,中和區,私立,獨立幼兒園,"民治街4號1樓,4-1號1樓",(02)22236161,,112,,,,,無,官方主檔
KE3E1252D31,新北市私立民治藝術幼兒園,新北市,中和區,私立,獨立幼兒園,民治街4號2樓,(02)22232690,,60,,,,,無,官方主檔
K1E3EBE08F2,新北市私立永愛幼兒園,新北市,中和區,私立,獨立幼兒園,秀朗路三段128巷12弄5號及7號1、2樓,(02)29423775,yungai168@yahoo.com.tw,120,,,,,無,官方主檔
KE0ADA8FCBA,新北市私立沐野幼兒園,新北市,中和區,私立,獨立幼兒園,復興路55號1樓、2樓,(02)29401433,bubbledragon.urb.com.tw,30,,,,,無,官方主檔
KA962A1A9F7,新北市私立白兔幼兒園,新北市,中和區,私立,獨立幼兒園,"中山路二段2巷77,79號",(02)22439923,http://rabbit.kidz.com.tw,60,,,,,無,官方主檔
KD158441EF7,新北市私立真理蒙特梭利幼兒園,新北市,中和區,私立,獨立幼兒園,興南路一段34巷2號1、2、3樓,(02)29495671,新北市中和區興南路一段34巷2號,93,,,,,無,官方主檔
KBE319CF53A,新北市私立福樂幼兒園,新北市,中和區,私立,獨立幼兒園,中興街200號,(02)22421777,http://forla.topschool.tw,180,,,,,無,官方主檔
K613EF42A9E,新北市私立禾芮幼兒園,新北市,中和區,私立,獨立幼兒園,員山路320號1、2樓,(02)22225300,,23,,,,,無,官方主檔
KB49FF8FA20,新北市私立聖中幼兒園,新北市,中和區,私立,獨立幼兒園,新生街166巷、18、20號、20之1號,(02)22210606,,50,,,,,,官方主檔
KA4C0FFD38C,新北市私立育心寶貝幼兒園,新北市,中和區,私立,獨立幼兒園,連城路389巷11號1樓,(02)22229322,,38,,,,,無,官方主檔
KDF604CED25,新北市私立育才幼兒園,新北市,中和區,私立,獨立幼兒園,景新街48號1、2樓及2樓之1,(02)22463876,,80,,,,,無,官方主檔
KA90A923816,新北市私立興南幼兒園,新北市,中和區,私立,獨立幼兒園,景新街347號2樓,(02)89421996,,65,,,,,,官方主檔
K946CF0F5FB,新北市私立芫銘幼兒園,新北市,中和區,私立,獨立幼兒園,大勇街25巷29弄4號1樓,(02)29460022,,40,,,,,無,官方主檔
K447F9C4A9A,新北市私立茁壯園中和幼兒園,新北市,中和區,私立,獨立幼兒園,民生街8號1樓、2樓,(02)89513859,,120,,,,,無,官方主檔
KE65D3E7EC8,新北市私立華人幼兒園,新北市,中和區,私立,獨立幼兒園,大仁街10巷52號,(02)29416158,,60,,,,,無,官方主檔
KAF3DFA8F6E,新北市私立華登幼兒園,新北市,中和區,私立,獨立幼兒園,景平路505號1樓及505之1號2樓,(02)22421568,,36,,,,,無,官方主檔
KE56EABA4DD,新北市私立謙禧幼兒園,新北市,中和區,私立,獨立幼兒園,中山路二段64巷12弄1號1樓,(02)22493787,新北市中和區中山路二段64巷12弄1號,25,,,,,無,官方主檔
K6273D9ADB4,新北市私立貝吉堡幼兒園,新北市,中和區,私立,獨立幼兒園,錦和路203巷1號、203巷1號2樓(門牌整編含201號、201之1號),(02)22492208,,60,,,,,無,官方主檔
KC0B6DA53BB,新北市私立辰修幼兒園,新北市,中和區,私立,獨立幼兒園,復興路280巷3弄7號、9號,(02)2246-5115,新北市中和區復興路280巷3弄7號,34,,,,,無,官方主檔
K7679CE4F3D,新北市私立迪仕尼幼兒園,新北市,中和區,私立,獨立幼兒園,忠孝街57號1樓、57之1號1樓,(02)29416544,,32,,,,,無,官方主檔
K89BBE1DE52,新北市私立連城幼兒園,新北市,中和區,私立,獨立幼兒園,連城路537號,(02)22259936,,120,,,,,無,官方主檔
K7D977A4D4E,新北市私立逸德幼兒園,新北市,中和區,私立,獨立幼兒園,宜安路26巷1號1樓,(02)29460739,,34,,,,,無,官方主檔
K8D89087028,新北市積穗非營利幼兒園(委託財團法人三之三生命教育基金會辦理),新北市,中和區,非營利,獨立幼兒園,民安街66號1、2樓,(02)32340533,,196,164,22,17,,無,官方主檔＋決算報告
K1550F0CB46,新北市立中和國民中學附設幼兒園,新北市,中和區,公立,國中附設幼兒園,興南路二段三巷十七號,(02)29422270#295,http://www.chjhs.ntpc.edu.tw/,240,,,,,無,官方主檔
K4FBB3440AB,新北市立中和幼兒園,新北市,中和區,公立,獨立幼兒園,南山路236號3樓,(02)89423942,http://daycare.ntpc.edu.tw/web/zhonghe/,105,,,,,無,官方主檔
K2567289C79,新北市立中和幼兒園慈光分班,新北市,中和區,公立,獨立幼兒園,民德路311號1樓,(02)29540289,,81,,,,,無,官方主檔
K21AEC6250D,新北市立中和幼兒園碧湖分班,新北市,中和區,公立,獨立幼兒園,圓通路367巷15-1號1~3樓,(02)22478784,,90,,,,,無,官方主檔
K08F4B3A5FE,新北市立中和幼兒園飛駝分班,新北市,中和區,公立,獨立幼兒園,忠孝街48號,(02)29409056,,48,,,,,無,官方主檔
K8B84F4F279,新北市立漳和國民中學附設幼兒園,新北市,中和區,公立,國中附設幼兒園,廣福路39號,(02)22488616#252,https://www.chjh.ntpc.edu.tw,210,,,,,無,官方主檔
K7FB2C53CDA,新北市立自強國民中學附設幼兒園,新北市,中和區,公立,國中附設幼兒園,莒光路191號,(02)22259469#850,http://tw.class.uschoolnet.com/class/?csid=css000000157818,212,,,,,無,官方主檔
KE4FA9EF42D,財團法人新北市私立竹林高級中學附設新北市私立竹林幼兒園,新北市,中和區,私立,高中職大專附設幼兒園,華新街143巷12之1號1、2樓,(02)29469271,http://www.clsh.ntpc.edu.tw/kidtest,224,,,,,無,官方主檔
KA287B70950,國防部陸軍司令部第六軍團指揮部前鋒職場互助教保服務中心(委託財團法人三之三生命教育基金會辦理),新北市,五股區,私立,職場互助教保服務中心,六合街41號、43號、45號,(02)22920266,,60,,,,,無,官方主檔
K3080325163,新北市五股區五股國民小學附設幼兒園,新北市,五股區,公立,國小附設幼兒園,成泰路二段49號,(02)22917191#842,http://tw.class.uschoolnet.com/class/?csid=css000000181847,106,,,,,無,官方主檔
KCE34BCC88F,新北市五股區德音國民小學附設幼兒園,新北市,五股區,公立,國小附設幼兒園,明德路2號,(02)22924152#890,http://163.20.119.103/班級網頁/幼稚園/index.html,60,,,,,無,官方主檔
K3A9817F640,新北市五股區成州國民小學附設幼兒園,新北市,五股區,公立,國小附設幼兒園,成泰路三段493號,(02)22933613#701,http://tw.pre.uschoolnet.com/school/cjoes-tpc,76,,,,,無,官方主檔
KF925C4BC21,新北市五股區更寮國民小學附設幼兒園,新北市,五股區,公立,國小附設幼兒園,四維路2號,(02)29824591#600,http://www.glps.ntpc.edu.tw/default.asp,60,,,,,無,官方主檔
K7AC90795EF,新北市私立優質幼兒園,新北市,五股區,私立,獨立幼兒園,五福路105號1樓、107號1樓,(02)22929989,,32,,,,,無,官方主檔
KEB974899B2,新北市私立威爾斯幼兒園,新北市,五股區,私立,獨立幼兒園,中興路4段48巷15號2樓,(02)82922085,,150,,,,,無,官方主檔
KE7CE3F8CB1,新北市私立學華幼兒園,新北市,五股區,私立,獨立幼兒園,工商路164號1、2樓,(02)82957120,,60,,,,,無,官方主檔
K9C58A22768,新北市私立小百科幼兒園,新北市,五股區,私立,獨立幼兒園,西雲路249號1樓,(02)22931944,,28,,,,,無,官方主檔
KC735BA2AC6,新北市私立強生幼兒園,新北市,五股區,私立,獨立幼兒園,西雲路231號1樓233號1樓,(02)22933223,,38,,,,,無,官方主檔
K6F072E7F46,新北市私立德寶幼兒園,新北市,五股區,私立,獨立幼兒園,水碓路16巷33號1樓,(02)22912201,,70,,,,,無,官方主檔
KFB595753C8,新北市私立成泰幼兒園,新北市,五股區,私立,獨立幼兒園,成泰路2段91巷17號1樓,(02)22942436,,38,,,,,無,官方主檔
K222F0DFE5B,新北市私立振鋒幼兒園,新北市,五股區,私立,獨立幼兒園,明德路73之1號1樓及73號1、2、3樓,(02)22917325,,150,,,,,無,官方主檔
K9FF6A24118,新北市私立文愛幼兒園,新北市,五股區,私立,獨立幼兒園,民義路一段112號,(02)82956400,,90,,,,,無,官方主檔
KA15150FBF9,新北市私立新邦仁幼兒園,新北市,五股區,私立,獨立幼兒園,登林路81之52號1、2樓,(02)22926788,,56,,,,,有，人數：19,官方主檔
K9E6C104C9F,新北市私立星辰幼兒園,新北市,五股區,私立,獨立幼兒園,成泰路3段577巷61號,(02)22912731,,90,,,,,無,官方主檔
K76DFF4A130,新北市私立溫德爾幼兒園,新北市,五股區,私立,獨立幼兒園,成泰路一段132號1、2、3樓,(02)22918181,,300,,,,,有，人數：20,官方主檔
K0C14525AD7,新北市私立維珍妮幼兒園,新北市,五股區,私立,獨立幼兒園,西雲路288號1樓,(02)22933212,,40,,,,,無,官方主檔
K978B1C37D9,新北市私立聖雅幼兒園,新北市,五股區,私立,獨立幼兒園,成泰路3段377號1樓、377號之1(2樓),(02)22922230,,48,,,,,無,官方主檔
K16B68B7971,新北市私立良華幼兒園,新北市,五股區,私立,獨立幼兒園,成泰路三段543巷9號2樓,(02)22935831,,29,,,,,,官方主檔
KE1E3F8E92A,新北市私立芮嘉幼兒園,新北市,五股區,私立,獨立幼兒園,水碓路2號1樓、6號1樓,(02)82957160,,40,,,,,無,官方主檔
K21A55BEA45,新北市私立華盛頓幼兒園,新北市,五股區,私立,獨立幼兒園,成泰路1段101號1樓、2樓、3樓,(02)22917066,,270,,,,,有，人數：45,官方主檔
KCE26F2481C,新北市私立菲米力幼兒園,新北市,五股區,私立,獨立幼兒園,民義路一段120號2樓,(02)22918455,,34,,,,,無,官方主檔
K57452729D6,新北市立五股幼兒園,新北市,五股區,公立,獨立幼兒園,西雲路165號2樓、3樓,(02)22936620,https://wugu22938781.blogspot.com,150,,,,,無,官方主檔
KB8B2D91726,新北市立五股幼兒園德音分班,新北市,五股區,公立,獨立幼兒園,蓬萊路6巷45號1樓,(02)82959856,,120,,,,,無,官方主檔
KA0EE6FCEDE,新北市立五股幼兒園成州分班,新北市,五股區,公立,獨立幼兒園,西雲路225巷4號1樓,(02)22951914,,29,,,,,無,官方主檔
KCA9B938B74,新北市立五股幼兒園更新分班,新北市,五股區,公立,獨立幼兒園,更洲路47號2樓,(02)29826950#11,http://www.daycare-wugu.ntpc.gov.tw/_file/3012/SG/44449/47875.html,75,,,,,無,官方主檔
K249DB15B0E,新北市立五股幼兒園水碓分班,新北市,五股區,公立,獨立幼兒園,水碓二路1號2樓,(02)22925032,,68,,,,,無,官方主檔
KC248413973,新北市立五股幼兒園陸一分班,新北市,五股區,公立,獨立幼兒園,六合街70號1樓,(02)82923039,,60,,,,,無,官方主檔
KBEDE814BFC,交通部航港局臺北港行政大樓職場互助教保服務中心(委託財團法人三之三生命教育基金會辦理),新北市,八里區,私立,職場互助教保服務中心,商港路123號1樓,(02)26195023#100,,60,,,,,無,官方主檔
KDE9980BE07,天主教聖心學校財團法人新北市聖心國民小學附設私立善牧園幼兒園,新北市,八里區,私立,國小附設幼兒園,龍米路1段261號,(02)26182330#171,http://www.lshes.ntpc.edu.tw/善牧園/index.htm,210,,,,,無,官方主檔
K2350693BE7,新北市八里區八里國民小學附設幼兒園,新北市,八里區,公立,國小附設幼兒園,中山路2段338號,(02)26102217#3103,www.ples.ntpc.edu.tw,136,,,,,無,官方主檔
KE4D07BC90B,新北市八里區大崁國民小學附設幼兒園,新北市,八里區,公立,國小附設幼兒園,忠八街2號,(02)86305678#190,http://tkes@ntpc.edu.tw,136,,,,,無,官方主檔
K4F0BB12ADE,新北市私立人文幼兒園,新北市,八里區,私立,獨立幼兒園,仁一街1號1、2、3樓,(02)86303355,,180,,,,,無,官方主檔
KDF1E5BF08C,新北市私立大崁璽恩幼兒園,新北市,八里區,私立,獨立幼兒園,中山路1段190號1、2樓,(02)26193992,,60,,,,,無,官方主檔
K028CED1F61,新北市私立快樂芝麻幼兒園,新北市,八里區,私立,獨立幼兒園,龍米路三段38號1、2樓,(02)86303636,,75,,,,,無,官方主檔
K5C9BE9B280,新北市私立星莆幼兒園,新北市,八里區,私立,獨立幼兒園,中山路2段540巷28號1樓,(02)86301185,,38,,,,,無,官方主檔
K268F91D5A0,新北市私立邱吉爾幼兒園,新北市,八里區,私立,獨立幼兒園,中華路二段520號1樓、522號1樓,(02)26195551,,31,,,,,無,官方主檔
K9BA60E538F,新北市私立陽光幼兒園,新北市,八里區,私立,獨立幼兒園,文心街112號,(02)26193688,,100,,,,,無,官方主檔
KAD699DBFF8,新北市私立青子園幼兒園,新北市,八里區,私立,獨立幼兒園,中山路二段466巷23號1樓及夾層,(02)26102677,,34,,,,,無,官方主檔
K8A542F4001,新北市立八里幼兒園,新北市,八里區,公立,獨立幼兒園,舊城路19號2F,(02)86303477#131,https://bali-preschool.com,48,,,,,無,官方主檔
KDB10E6FBBB,新北市立八里幼兒園大埤頂分班,新北市,八里區,公立,獨立幼兒園,中山路1段95號1樓,(02)86303477#300,https://bali-preschool.com/,40,,,,,無,官方主檔
KE7EA19D352,新北市立八里幼兒園龍源分班,新北市,八里區,公立,獨立幼兒園,龍米路一段223號2樓,(02)86303477#500,https://bali-preschool.com/,40,,,,,無,官方主檔
K81731FCDA3,新北市中正非營利幼兒園(委託財團法人三之三生命教育基金會辦理),新北市,土城區,非營利,獨立幼兒園,金城路二段247號1、2樓,(02)22707998,,136,112,18,12,,無,官方主檔＋決算報告
K2346804E35,新北市員和非營利幼兒園(委託社團法人新北市多元教育協會辦理),新北市,土城區,非營利,獨立幼兒園,莊園街266號,(02)22607226,,136,,,,,無,官方主檔
K4E5009969B,新北市土城區土城國民小學附設幼兒園,新北市,土城區,公立,國小附設幼兒園,興城路17號,(02)22700177#881,www.ttcps.ntpc.edu.tw,226,,,,,無,官方主檔
K0423AEFA17,新北市土城區安和國民小學附設幼兒園,新北市,土城區,公立,國小附設幼兒園,延和路23號,(02)22603451#151,https://www.anhoes.ntpc.edu.tw/,106,,,,,無,官方主檔
KB87D792F25,新北市土城區廣福國民小學附設幼兒園,新北市,土城區,公立,國小附設幼兒園,學府路一段127號,(02)22626782#600,https://sites.google.com/kidmail.ntpc.edu.tw/guang-fu-fu-you-new/%E9%A6%96%E9%A0%81?authuser=1,196,,,,,無,官方主檔
KD07380B84D,新北市土城區樂利國民小學附設幼兒園,新北市,土城區,公立,國小附設幼兒園,裕生路65號,(02)22662568#860,https://www.llps.ntpc.edu.tw/p/426-1000-15.php,150,,,,,無,官方主檔
KB43770FFFD,新北市土城區清水國民小學附設幼兒園,新北市,土城區,公立,國小附設幼兒園,金城路二段356號,(02)22618316#880,https://www.cses.ntpc.edu.tw/p/426-1000-10.php,196,,,,,無,官方主檔
KD607E49107,新北市土城區頂埔國民小學附設幼兒園,新北市,土城區,公立,國小附設幼兒園,中央路四段205號,(02)22686800#874,http://163.20.10.199/eweb/?home=kids,136,,,,,無,官方主檔
K5ED8D8140E,新北市明德非營利幼兒園(委託社團法人中華幼兒創造思考教育學會辦理),新北市,土城區,非營利,獨立幼兒園,學士路153號,(02)82625022,新北市土城區學士路153號,106,,,,,無,官方主檔＋決算報告
KDF998FD925,新北市海工非營利幼兒園(委託社團法人新北市幼兒成長協會辦理),新北市,土城區,非營利,獨立幼兒園,"學府路一段241號1,2樓",(02)22730517,,60,48,7,5,,無,官方主檔＋決算報告
KADFAD6E665,新北市清水高中非營利幼兒園(委託財團法人台北市中華基督教青年會辦理),新北市,土城區,非營利,獨立幼兒園,明德路1段72號,(02)22700266,新北市土城區明德路一段72號,90,,,,,無,官方主檔＋決算報告
K6F044A94E3,新北市私立丹妮爾幼兒園,新北市,土城區,私立,獨立幼兒園,中央路一段285、287號,(02)22633647,,88,,,,,無,官方主檔
K23477F46B1,新北市私立京揚幼兒園,新北市,土城區,私立,獨立幼兒園,金城路三段152號1、2樓,(02)22604506,,31,,,,,無,官方主檔
K6C85DCC525,新北市私立休士頓幼兒園,新北市,土城區,私立,獨立幼兒園,明德路一段74號1.2.3樓,(02)22633066,,300,,,,,無,官方主檔
KE430C42C81,新北市私立佳學幼兒園,新北市,土城區,私立,獨立幼兒園,學士路413號1、2、3樓,(02)22601413,,211,,,,,無,官方主檔
KCE5C34E782,新北市私立全球幼兒園,新北市,土城區,私立,獨立幼兒園,"立德路135巷2-1號,2-2號1,2樓",(02)22652939,,63,,,,,無,官方主檔
KDAEAC2A554,新北市私立凱樂幼兒園,新北市,土城區,私立,獨立幼兒園,中央路三段189號2樓,(02)22686850,,50,,,,,無,官方主檔
KA841440A58,新北市私立北極星幼兒園,新北市,土城區,私立,獨立幼兒園,學成路165號1樓、167號1樓、169號1~2樓、171號2樓,(02)22666311,polestar.52school.com.tw,43,,,,,無,官方主檔
KC09024B321,新北市私立吉恩幼兒園,新北市,土城區,私立,獨立幼兒園,中央路二段392之1號1、2樓,(02)82611194,,69,,,,,無,官方主檔
K98AD0BED77,新北市私立名亮幼兒園,新北市,土城區,私立,獨立幼兒園,金城路2段260號2樓,(02)82623971,,100,,,,,無,官方主檔
K902041339A,新北市私立嘉府幼兒園,新北市,土城區,私立,獨立幼兒園,學府路1段155巷2號2樓、157號2樓,(02)82625512,,130,,,,,有，人數：60,官方主檔
KA38FCC822D,新北市私立土城名仁幼兒園,新北市,土城區,私立,獨立幼兒園,延吉街217巷9弄3號,(02)82621941,,47,,,,,無,官方主檔
K946C064712,新北市私立土城育全幼兒園,新北市,土城區,私立,獨立幼兒園,學府路1段98巷32號、32-1號1樓、2樓、3樓,(02)22628181,,349,,,,,無,官方主檔
KC61B66D722,新北市私立土農幼兒園,新北市,土城區,私立,獨立幼兒園,"永和街23號1樓,2樓",(02)22696788,http://tfas.topschool.com.tw,159,,,,,無,官方主檔
K546C12005C,新北市私立天翔幼兒園,新北市,土城區,私立,獨立幼兒園,學享街47號、49號1、2樓,(02)82612548,http://www.tianshiang.woby.tw/,194,,,,,無,官方主檔
K6CDF3BF4C5,新北市私立奇士華幼兒園,新北市,土城區,私立,獨立幼兒園,青仁路31號1樓,(02)82626681,,40,,,,,無,官方主檔
KBBDF696C69,新北市私立安佳國際幼兒園,新北市,土城區,私立,獨立幼兒園,廣明街68巷5號1樓及2樓,(02)89669816,,75,,,,,無,官方主檔
KC27486444E,新北市私立安佳幼兒園,新北市,土城區,私立,獨立幼兒園,廣明街74、76號,(02)89668515,www. a j. a j.com.tw,123,,,,,無,官方主檔
K0C59003CAA,新北市私立安和幼兒園,新北市,土城區,私立,獨立幼兒園,"延和路105巷1弄4號1樓,6號1樓",(02)22643340,http://annhoo.52school.com.tw,37,,,,,無,官方主檔
KE06877D6CE,新北市私立常春藤幼兒園,新北市,土城區,私立,獨立幼兒園,青仁路1號,(02)82732241,,51,,,,,無,官方主檔
KCDA86A9426,新北市私立幼強幼兒園,新北市,土城區,私立,獨立幼兒園,延吉街78巷1弄2、4、6、8、10號,(02)22617239,,100,,,,,無,官方主檔
K4F951F4B11,新北市私立廣福幼兒園,新北市,土城區,私立,獨立幼兒園,學府路一段5號1~2樓、5-2號2樓,(02)82732820,bowjinn-055topschool.com.tw,120,,,,,無,官方主檔
K38060F0136,新北市私立延吉幼兒園,新北市,土城區,私立,獨立幼兒園,延吉街253巷14號、16號1樓,(02)22640248,無,32,,,,,無,官方主檔
KEC63D73993,新北市私立彤恩幼兒園,新北市,土城區,私立,獨立幼兒園,金城路3段19號1、2樓,(02)82621250,,42,,,,,無,官方主檔
K9C1CAB34A2,新北市私立征洋幼兒園,新北市,土城區,私立,獨立幼兒園,仁愛路16巷3弄7、7-1、9、9-1號,(02)22611953,,80,,,,,無,官方主檔
KC3A4AB5128,新北市私立愛妮爾國際幼兒園,新北市,土城區,私立,獨立幼兒園,中央路3段99號,(02)22689597,,126,,,,,無,官方主檔
K1D873EF919,新北市私立愛迪爾國際幼兒園,新北市,土城區,私立,獨立幼兒園,青福街235號,(02)22702738,,345,,,,,無,官方主檔
KEAE0B04278,新北市私立慈園幼兒園,新北市,土城區,私立,獨立幼兒園,學府路一段270巷4號,(02)22623133,http://www.ivyschool.com.tw,180,,,,,無,官方主檔
KE554B0DBCB,新北市私立慈霖幼兒園,新北市,土城區,私立,獨立幼兒園,金城路二段211號1、2樓,(02)22641686,,190,,,,,有，人數：60,官方主檔
KB8FEB9E2CB,新北市私立新華園幼兒園,新北市,土城區,私立,獨立幼兒園,清水路267號1~2樓,(02)22611016,http://blog.xuite.net/bowjinn.1016,69,,,,,無,官方主檔
KFA35669305,新北市私立日恩幼兒園,新北市,土城區,私立,獨立幼兒園,延和路185號1、2樓,(02)22651608,,55,,,,,無,官方主檔
K11012FEA87,新北市私立有一天幼兒園,新北市,土城區,私立,獨立幼兒園,廣福街2號1-3樓,(02)82603126,,181,,,,,無,官方主檔
KE844DB2E64,新北市私立森林幼兒園,新北市,土城區,私立,獨立幼兒園,學府路一段115巷13號1~2樓,(02)82626055,https://www.facebook.com/pages/%E6%96%B0%E5%8C%97%E5%B8%82%E7%A7%81%E7%AB%8B%E6%A3%AE%E6%9E%97%E5%B9,35,,,,,無,官方主檔
KB56B1007B8,新北市私立樹德幼兒園,新北市,土城區,私立,獨立幼兒園,裕民路114巷25、27、31號2樓,0935211963,,45,,,,,無,官方主檔
K7303A5242C,新北市私立欣和幼兒園,新北市,土城區,私立,獨立幼兒園,延吉街253巷18弄3號1.2樓,(02)22638550,,40,,,,,無,官方主檔
K6674701B92,新北市私立永昇幼兒園,新北市,土城區,私立,獨立幼兒園,清水路214號、216號各1、2、3樓,(02)22660600,,86,,,,,無,官方主檔
K407909D42D,新北市私立立仁幼兒園,新北市,土城區,私立,獨立幼兒園,樂利街5號1、2樓,(02)22613248,,120,,,,,無,官方主檔
K417D5C2EC3,新北市私立立新幼兒園,新北市,土城區,私立,獨立幼兒園,中央路2段149巷10弄2號1樓、4號1樓,(02)22634148,,48,,,,,無,官方主檔
K04242B6650,新北市私立米亞藝術幼兒園,新北市,土城區,私立,獨立幼兒園,員林街16號、16之1號1樓,(02)82626782,,30,,,,,無,官方主檔
KDA34368526,新北市私立維多莉爾南天母幼兒園,新北市,土城區,私立,獨立幼兒園,南天母路111巷10之1號1樓,(02)22678358,,65,,,,,無,官方主檔
KE519DA958B,新北市私立維多莉爾幼兒園,新北市,土城區,私立,獨立幼兒園,金城路三段64號1、2樓,(02)22662518,,59,,,,,無,官方主檔
K5214AACF38,新北市私立維妮爾國際幼兒園,新北市,土城區,私立,獨立幼兒園,莊園街167、169號1樓,(02)22613555,,165,,,,,無,官方主檔
K310B0DA9FA,新北市私立肯恩土城幼兒園,新北市,土城區,私立,獨立幼兒園,學士路12巷16號1樓及18號1、2樓,(02)22638303,,96,,,,,有，人數：16,官方主檔
KFB764260ED,新北市私立茁壯園幼兒園,新北市,土城區,私立,獨立幼兒園,福祥街42巷9號、11號,(02)22668357,,60,,,,,無,官方主檔
KABDA58E8C4,新北市私立華德幼兒園,新北市,土城區,私立,獨立幼兒園,員林街59號1、2樓,(02)22604082,,69,,,,,無,官方主檔
K43FEF0C94F,新北市私立裕德幼兒園,新北市,土城區,私立,獨立幼兒園,中華路一段46-1、46-2號1至3樓,(02)82618181,,600,,,,,無,官方主檔
KA7D400F6AD,新北市私立裕德藝術幼兒園,新北市,土城區,私立,獨立幼兒園,"中華路一段46號1,2,3樓",(02)82618181,,570,,,,,無,官方主檔
KF07BACF174,新北市私立裕民幼兒園,新北市,土城區,私立,獨立幼兒園,中央路一段223號1、2、3樓,(02)82601401,,100,,,,,無,官方主檔
K4991299069,新北市私立詠樂幼兒園,新北市,土城區,私立,獨立幼兒園,延和路19號1樓、2樓,(02)22627766,http://www.smart-kids.com.tw,73,,,,,無,官方主檔
KFFF2037F82,新北市私立金城幼兒園,新北市,土城區,私立,獨立幼兒園,"延和路180號1,2樓",(02)22735233,,240,,,,,無,官方主檔
K17A64893BC,新北市私立頂埔幼兒園,新北市,土城區,私立,獨立幼兒園,中州路24巷5號1、2樓,(02)22681395,,80,,,,,無,官方主檔
KB632FC94F7,新北市私立高登幼兒園,新北市,土城區,私立,獨立幼兒園,中央路3段279號1、2、3樓,(02)22691177,http://golden.topschool.com.tw,225,,,,,無,官方主檔
K34710ACB74,新北市立土城國民中學附設幼兒園,新北市,土城區,公立,國中附設幼兒園,永寧路18號,(02)22675135#110,https://www.tcjh.ntpc.edu.tw/p/412-1000-714.php,106,,,,,無,官方主檔
K0258341D2D,新北市立土城幼兒園,新北市,土城區,公立,獨立幼兒園,裕民路193之1號,(02)22607244,https://tuchengkids.blogspot.com/,180,,,,,無,官方主檔
K3772F0519E,新北市立土城幼兒園大頂埔分班,新北市,土城區,公立,獨立幼兒園,中州路28巷30號3樓,(02)22682948,,90,,,,,無,官方主檔
K3F647A5A32,新北市立土城幼兒園清水分班,新北市,土城區,公立,獨立幼兒園,青雲路368號2、3樓,(02)82625344,,45,,,,,無,官方主檔
K66BDE006C3,新北市坪林區坪林國民小學附設幼兒園,新北市,坪林區,公立,國小附設幼兒園,坪林街114號,(02)26656213#38,https://www.plnes.ntpc.edu.tw/,60,,,,,無,官方主檔
K0A91B68E94,新北市立坪林實驗國民中學附設幼兒園,新北市,坪林區,公立,國中附設幼兒園,國中路2號,(02)26657104,https://26657104.blogspot.com/,36,,,,,無,官方主檔
K2443B29CA1,新北市平溪區十分國民小學附設幼兒園,新北市,平溪區,公立,國小附設幼兒園,十分街157號,(02)24958305#30,,30,,,,,無,官方主檔
K0628108F11,新北市平溪區平溪國民小學附設幼兒園,新北市,平溪區,公立,國小附設幼兒園,平溪街56號,(02)24951038#208,,15,,,,,無,官方主檔
KF313E3632C,新北市平溪區菁桐國民小學附設幼兒園,新北市,平溪區,公立,國小附設幼兒園,菁桐街45號,(02)24951009#16,,30,,,,,無,官方主檔
K3914B53B1D,中信國際學校財團法人新北市私立中信高級中等學校附設幼兒園,新北市,新店區,私立,高中職大專附設幼兒園,安興路1號,(02)22125795,,106,,,,,無,官方主檔
KBEE2283127,康橋學校財團法人新北市康橋高級中學附屬新北市私立康橋幼兒園,新北市,新店區,私立,獨立幼兒園,頂城五街80號,(02)81958866,http://www.kcbs.ntpc.edu.tw/81958866/,390,,,,,無,官方主檔
KAEF3528586,康軒文教事業股份有限公司附設新北市私立員工幼兒園,新北市,新店區,私立,法人公司附設幼兒園,中興路二段218巷11號3樓,(02)86651866,http://www.kcbs.tps.edu.tw/kindweb,267,,,,,無,官方主檔
K5BDC0C740F,新北市安興非營利幼兒園(委託財團法人仁德醫護管理專科學校辦理),新北市,新店區,非營利,獨立幼兒園,安興路129號1、2、3樓,(02)22122100,,60,45,8,5,,無,官方主檔＋決算報告
KFE6FF450FE,新北市政府新北捷運員工子女非營利幼兒園(委託康寧學校財團法人康寧大學辦理),新北市,新店區,非營利,獨立幼兒園,民權路280號1樓、2樓及3樓,(02)66057534,,150,,,,,無,官方主檔
KC0365E3036,新北市文中非營利幼兒園(委託社團法人臺灣澄芽全人文教發展協會辦理),新北市,新店區,非營利,獨立幼兒園,文中路38號,(02)89115700,wenshan20260803@gmail.com,106,97,13,10,,無,官方主檔＋決算報告
KF432B37733,新北市新店區中正國民小學附設幼兒園,新北市,新店區,公立,國小附設幼兒園,三民路36號,(02)29125432#851,http://163.20.155.1/~kids,212,,,,,無,官方主檔
K5212F13CB9,新北市新店區北新國民小學附設幼兒園,新北市,新店區,公立,國小附設幼兒園,寶橋路8號,(02)29189300#132,http://freebsd.tspes.tpc.edu.tw/~kids/,122,,,,,無,官方主檔
K6555DFB5D2,新北市新店區大豐國民小學附設幼兒園,新北市,新店區,公立,國小附設幼兒園,民族路108號,(02)22190159#21,https://www.dfes.ntpc.edu.tw/modules/ugm_page/index.php?msn=20,270,,,,,無,官方主檔
KD352BCC53C,新北市新店區安坑國民小學附設幼兒園,新北市,新店區,公立,國小附設幼兒園,安忠路36號,(02)22119759#219,http://m2.takes.ntpc.edu.tw,270,,,,,無,官方主檔
KA16B207C66,新北市新店區屈尺國民小學附設幼兒園,新北市,新店區,公立,國小附設幼兒園,屈尺路55號,(02)26667490#15,http://ccyes.tpc.edu.tw,30,,,,,無,官方主檔
K32E2C3E2A4,新北市新店區新和國民小學附設幼兒園,新北市,新店區,公立,國小附設幼兒園,安和路三段100號,(02)29400170#860,http://163.20.81.9/kids,212,,,,,無,官方主檔
K7264F971ED,新北市新店區新店國民小學附設幼兒園,新北市,新店區,公立,國小附設幼兒園,新店路2號,(02)29103483#803,https://www.xdes.ntpc.edu.tw/p/426-1000-32.php?Lang=zh-tw,106,,,,,無,官方主檔
K28831B19C1,新北市新店區直潭國民小學附設幼兒園,新北市,新店區,公立,國小附設幼兒園,直潭路92號,(02)26667278#806,https://www.jtes.ntpc.edu.tw/,30,,,,,無,官方主檔
K0BAB36596E,新北市新店區雙城國民小學附設幼兒園,新北市,新店區,公立,國小附設幼兒園,安康路3段322號,(02)22156511#310,http://www.tcsps.ntpc.edu.tw/default.asp,90,,,,,無,官方主檔
KFA527B9076,新北市新店區雙峰國民小學附設幼兒園,新北市,新店區,公立,國小附設幼兒園,北宜路三段66號,(02)22174543#107,163.20.45.2,30,,,,,無,官方主檔
K2DD4829E16,新北市新店區青潭國民小學附設幼兒園,新北市,新店區,公立,國小附設幼兒園,北宜路二段八十號,(02)22173146#250,https://class.tn.edu.tw/modules/tad_web/index.php?WebID=5706,182,,,,,無,官方主檔
KDC1E96BD1C,新北市新店區龜山國民小學附設幼兒園,新北市,新店區,公立,國小附設幼兒園,新烏路3段99巷10號,(02)26667317#21,https://www.gses.ntpc.edu.tw/nss/p/4647,45,,,,,無,官方主檔
K411AE52232,新北市新店民安非營利幼兒園(委託康寧學校財團法人康寧大學辦理),新北市,新店區,非營利,獨立幼兒園,安民街3巷10號1樓,(02)86668077,,76,,,,,無,官方主檔
K0EDAF3B93C,新北市私立三之三幼兒園,新北市,新店區,私立,獨立幼兒園,北宜路1段35、37號2樓,(02)86659872,http://tw.myblog.yahoo.com/sunschool86659872,59,,,,,無,官方主檔
K5E9F4184F6,新北市私立三愛幼兒園,新北市,新店區,私立,獨立幼兒園,安民街269巷14、16號,(02)22118158,,90,,,,,無,官方主檔
KDB0BEB4130,新北市私立三民幼兒園,新北市,新店區,私立,獨立幼兒園,民權路11巷3號,(02)29151151,,60,,,,,無,官方主檔
K21A352FED2,新北市私立佳恩幼兒園,新北市,新店區,私立,獨立幼兒園,德正街27巷29弄8號,(02)29114466,http. elier0103@gmail.com,60,,,,,無,官方主檔
K6C2C4334BF,新北市私立佳欣中正幼兒園,新北市,新店區,私立,獨立幼兒園,"中正路128巷7弄2號1樓,4號1樓",(02)86653778,http://amy.blogkids.net,42,,,,,無,官方主檔
K68FC9514F8,新北市私立佳欣幼兒園,新北市,新店區,私立,獨立幼兒園,中正路128巷9弄1號,(02)29138578,http://amy.blogkids.net,35,,,,,無,官方主檔
KC4B7148783,新北市私立俏媽咪幼兒園,新北市,新店區,私立,獨立幼兒園,民族路55號,(02)29115811,http://www.cutemama.tw,70,,,,,無,官方主檔
K4118B7676B,新北市私立優時代幼兒園,新北市,新店區,私立,獨立幼兒園,中興路2段189號1樓、2樓,(02)29150988,,90,,,,,無,官方主檔
KF186899A9F,新北市私立凱撒琳幼兒園,新北市,新店區,私立,獨立幼兒園,安德街57巷9號1樓、11號1樓、13號1樓、15號1樓、17號1樓,(02)22122588,katharinekids@yahoo.com.tw,70,,,,,無,官方主檔
K627CEE7D1E,新北市私立劍聲幼兒園,新北市,新店區,私立,獨立幼兒園,明德路65巷3號、5號、7號及9號,(02)29110883,www.myjskid.com,150,,,,,無,官方主檔
K11698E10AE,新北市私立博安幼兒園,新北市,新店區,私立,獨立幼兒園,光華街20.22號,(02)22112577,,60,,,,,無,官方主檔
K0A2C182E15,新北市私立向日園幼兒園,新北市,新店區,私立,獨立幼兒園,中央五街84號1樓,(02)22197399,sun-school.topschool.com.tw/,42,,,,,無,官方主檔
K8F919338BD,新北市私立嘉慶幼兒園,新北市,新店區,私立,獨立幼兒園,安康路2段136號,(02)22123378,,110,,,,,無,官方主檔
K7186089F7E,新北市私立培英幼兒園,新北市,新店區,私立,獨立幼兒園,三民路75巷12號、14號,(02)29118055,,43,,,,,無,官方主檔
KA84E75B0A2,新北市私立好好幼兒園,新北市,新店區,私立,獨立幼兒園,"達觀路6號1,2樓",(02)22135960,http://hoho.woby.com.tw/,54,,,,,無,官方主檔
K943C46FDDA,新北市私立安康幼兒園,新北市,新店區,私立,獨立幼兒園,安康路2段168號1樓、2樓、3樓,(02)86660666,,121,,,,,無,官方主檔
KC03F4C15E2,新北市私立安馨新店幼兒園,新北市,新店區,私立,獨立幼兒園,安和路2段35號1樓、37號1、2樓,(02)22119727,,52,,,,,無,官方主檔
K6DB8640901,新北市私立容石園幼兒園,新北市,新店區,私立,獨立幼兒園,建安街31號1樓,(02)29179648,,28,,,,,無,官方主檔
K5D7D66DA6B,新北市私立寶媽媽幼兒園,新北市,新店區,私立,獨立幼兒園,安康路三段355巷40號1樓、42號3樓,(02)22152422,,33,,,,,無,官方主檔
K5D9D6BEC0D,新北市私立小天才幼兒園,新北市,新店區,私立,獨立幼兒園,文化路73巷8、10號1樓,(02)29127835,,35,,,,,無,官方主檔
KC410E64ED5,新北市私立小綠芽幼兒園,新北市,新店區,私立,獨立幼兒園,中正路382巷1號1樓,(02)22193305,,29,,,,,無,官方主檔
KC663687B70,新北市私立尼斯堡幼兒園,新北市,新店區,私立,獨立幼兒園,中央一街20號1樓,(02)82187139,,83,,,,,無,官方主檔
KA003962A77,新北市私立巨耀幼兒園,新北市,新店區,私立,獨立幼兒園,大豐路68巷1號1樓、2樓及70號1樓、2樓,(02)86653555,,180,,,,,無,官方主檔
K243B5E8FFD,新北市私立幼幼立大幼兒園,新北市,新店區,私立,獨立幼兒園,"北新路二段29巷1弄1號1,2樓",(02)86653778,http://amy.blogkids.net,60,,,,,無,官方主檔
K69903BFBB2,新北市私立幼禾幼兒園,新北市,新店區,私立,獨立幼兒園,平等街48巷17、19號,(02)29103808,,28,,,,,無,官方主檔
K890A54A0BD,新北市私立心象園幼兒園,新北市,新店區,私立,獨立幼兒園,自立街13號1樓,(02)22191077,,30,,,,,無,官方主檔
K9BBFA26652,新北市私立新中幼兒園,新北市,新店區,私立,獨立幼兒園,中正路360號2樓,(02)22192878,,170,,,,,無,官方主檔
KF24686C826,新北市私立新乖乖幼兒園,新北市,新店區,私立,獨立幼兒園,北宜路二段56巷3弄2號1樓、5弄1號1樓,(02)22172598,,33,,,,,無,官方主檔
KDC9AD6BE6A,新北市私立李氏姐妹幼兒園,新北市,新店區,私立,獨立幼兒園,中華路5號、9號2樓、9號2樓之1,(02)29122995,http://theleesisters.com,142,,,,,有，人數：18,官方主檔
K58A1FE272F,新北市私立林肯幼兒園,新北市,新店區,私立,獨立幼兒園,玫瑰路29號、29號2樓、31號、31之1號、31號2樓,(02)22104986,https://sites.google.com/site/xinbeishilincolnschool/home,240,,,,,無,官方主檔
KBE16335E88,新北市私立樂童幼兒園,新北市,新店區,私立,獨立幼兒園,大豐路16巷9號、11號1樓,(02)29147856,,65,,,,,無,官方主檔
K32DAD09BCA,新北市私立樂韻幼兒園,新北市,新店區,私立,獨立幼兒園,中興路1段171、173號1樓,(02)29110748,,56,,,,,無,官方主檔
K0556B281FD,新北市私立水星幼兒園,新北市,新店區,私立,獨立幼兒園,寶興路42巷25號1樓,(02)29178686,https://mercurykids.topschool.tw/Home/Main,55,,,,,無,官方主檔
K93EB4B0DC4,新北市私立漢華幼兒園,新北市,新店區,私立,獨立幼兒園,安忠路57巷26弄29號、31號1樓,(02)22116868,,60,,,,,無,官方主檔
KD43F57BE7A,新北市私立炫媽咪幼兒園,新北市,新店區,私立,獨立幼兒園,中興路一段203號1、2樓,(02)89112955,,85,,,,,無,官方主檔
KDF540C33D1,新北市私立禾力幼兒園,新北市,新店區,私立,獨立幼兒園,安康路2段142巷14號1、2樓,(02)22110599,,90,,,,,無,官方主檔
K9EC2434A56,新北市私立禾米國際幼兒園,新北市,新店區,私立,獨立幼兒園,復興路10-2號1樓,(02)29161730,,45,,,,,無,官方主檔
K580A8F4446,新北市私立積木幼兒園,新北市,新店區,私立,獨立幼兒園,三民路31號1~2樓,(02)29182889,www.blockkidsschool.com.tw,36,,,,,有，人數：3,官方主檔
KE5F3333CF7,新北市私立立大幼兒園,新北市,新店區,私立,獨立幼兒園,寶中路76號2樓,(02)29120204,http://kids.ettoday.com/index.php?kd=ETY074,52,,,,,無,官方主檔
K9FE6704A07,新北市私立童心圓幼兒園,新北市,新店區,私立,獨立幼兒園,中興路一段101號1樓,(02)86656688,,45,,,,,有，人數：10,官方主檔
K99E010EAA3,新北市私立聯華幼兒園,新北市,新店區,私立,獨立幼兒園,北新路2段186號1-2樓,(02)29155656,,75,,,,,有，人數：11,官方主檔
KBF4D700A3D,新北市私立芯品幼兒園,新北市,新店區,私立,獨立幼兒園,安康路2段91巷9號1樓,(02)86665089,,57,,,,,無,官方主檔
K72C117ADA3,新北市私立芯琦幼兒園,新北市,新店區,私立,獨立幼兒園,如意街61號1樓、63號1-2樓,(02)22140818,,89,,,,,無,官方主檔
K5497009E21,新北市私立莘莘幼兒園,新北市,新店區,私立,獨立幼兒園,中正路284巷4弄3號1樓,(02)29124853,,30,,,,,無,官方主檔
K6FED539CD6,新北市私立菲力中興幼兒園,新北市,新店區,私立,獨立幼兒園,中興路1段266之1號、266之3號2樓,(02)29185674,,77,,,,,無,官方主檔
K4805A995B9,新北市私立菲力復興幼兒園,新北市,新店區,私立,獨立幼兒園,寶元路一段15巷9號1-2樓、11號1-2樓,(02)89113455,,80,,,,,無,官方主檔
KE16BEDD05B,新北市私立通泉草幼兒園,新北市,新店區,私立,獨立幼兒園,花園一路一段3號1、2樓,(02)26660608,https://sites.google.com/view/kidedu,55,,,,,有，人數：15,官方主檔
KB58EEB3DBD,新北市私立道欣幼兒園,新北市,新店區,私立,獨立幼兒園,玫瑰路58巷33號1樓,(02)22155515,,38,,,,,無,官方主檔
KC595A8DAB7,新北市私立陽光天使幼兒園,新北市,新店區,私立,獨立幼兒園,中正路700巷26號1樓,(02)82183336,,195,,,,,無,官方主檔
K82D6D490DB,新北市私立陽光聖谷幼兒園,新北市,新店區,私立,獨立幼兒園,安興路91巷5號1、2樓,(02)22127100,https://www.facebook.com/sunnyvalekid/,128,,,,,無,官方主檔
K628D19049C,新北市私立雅格幼兒園,新北市,新店區,私立,獨立幼兒園,安德街40號1、2樓,(02)22118709,,29,,,,,無,官方主檔
KC503D0C623,新北市立五峰國民中學附設幼兒園,新北市,新店區,公立,國中附設幼兒園,中興路一段253號,(02)29112005#226,https://www.wfjh.ntpc.edu.tw/p/412-1000-716.php,90,,,,,無,官方主檔
K942735F14D,新北市立安康高級中學附設幼兒園,新北市,新店區,公立,高中職大專附設幼兒園,安興路25號,(02)2211-1743#830,https://www.akhs.ntpc.edu.tw/p/403-1000-114.php,30,,,,,無,官方主檔
K0DF4117CFF,新北市立新店幼兒園,新北市,新店區,公立,獨立幼兒園,新和街109號1、2樓,(02)29419045,http://daycare.ntpc.edu.tw/web/xindian/,120,,,,,無,官方主檔
K2E99F58CEF,新北市立新店幼兒園碧潭分班,新北市,新店區,公立,獨立幼兒園,新店路207號1、2樓,(02)29110175,http://192.168.30.113/nursery_school/index.jsp,60,,,,,無,官方主檔
K2FD9E56D95,新北市立新店幼兒園雙城分班,新北市,新店區,公立,獨立幼兒園,安康路三段165巷2弄29號,(02)22150154,http://192.168.30.113/nursery_school/index.jsp,90,,,,,無,官方主檔
KF90936AEDC,財團法人中華民國佛教慈濟慈善事業基金會附設新北市私立臺北大愛幼兒園,新北市,新店區,私立,法人公司附設幼兒園,建國路279號1樓,(02)40510777#4237,,106,,,,,無,官方主檔
K97CC1065CE,財團法人天主教新北市私立育新幼兒園,新北市,新店區,私立,獨立幼兒園,三民路19號,(02)29158300#101,www.yhk.org.tw,210,,,,,無,官方主檔
KC515C8B93E,財團法人耕莘健康管理專科學校附設新北市私立實驗幼兒園,新北市,新店區,私立,高中職大專附設幼兒園,民族路112號1、2樓,(02)22189396,http://www.ctcn.edu.tw/kids/index.html,130,,,,,有，人數：13,官方主檔
K41519C28B2,夏恩國際教育股份有限公司附設新北市私立夏恩昌隆幼兒園,新北市,新莊區,私立,法人公司附設幼兒園,中原路117號2樓之1、2樓之2,(02)89941238,,67,,,,,無,官方主檔
K33651FE3AF,天億文教事業股份有限公司附設新北市私立皇家幼兒園,新北市,新莊區,私立,法人公司附設幼兒園,中和街46號,(02)66375399,,60,,,,,無,官方主檔
KE8AD530CB5,奇異莊股份有限公司附設新北市私立奇異鳥幼兒園,新北市,新莊區,私立,法人公司附設幼兒園,四維路19號3樓,(02)22027090,,120,,,,,無,官方主檔
KAC3106E4D9,建豐國際資產管理股份有限公司附設新北市私立卡爾維德幼兒園,新北市,新莊區,私立,法人公司附設幼兒園,復興路3段19號1.2.3樓,(02)89922195#11,http://karl-witte.topschool.com.tw/,117,,,,,無,官方主檔
K67A61067B3,新北市中平非營利幼兒園(委託社團法人新北市中華國際嬰幼兒發展學會辦理),新北市,新莊區,非營利,獨立幼兒園,中平路385號1樓,(02)89910098,,120,112,13,10,,無,官方主檔＋決算報告
K6E947C0B9C,新北市新樂非營利幼兒園(委託財團法人三之三生命教育基金會辦理),新北市,新莊區,非營利,獨立幼兒園,中華路一段75號,(02)29940575,,212,197,25,18,,無,官方主檔＋決算報告
KF51ACEA530,新北市新莊區中信國民小學附設幼兒園,新北市,新莊區,公立,國小附設幼兒園,中信街168號,(02)85212908#600,http://163.20.116.180/kids/,180,,,,,無,官方主檔
K6E24C74FAD,新北市新莊區中港國民小學附設幼兒園,新北市,新莊區,公立,國小附設幼兒園,中港一街142號,(02)89790730#900,http://120.102.234.86/eduwebsystem/?home=jgpskid,212,,,,,無,官方主檔
K1CEDC2F5AC,新北市新莊區丹鳳國民小學附設幼兒園,新北市,新莊區,公立,國小附設幼兒園,新北大道七段437號,(02)29035355#151,http://163.20.170.2/www150/home/child,180,,,,,無,官方主檔
K1C7414A77C,新北市新莊區光華國民小學附設幼兒園,新北市,新莊區,公立,國小附設幼兒園,龍安路452號,(02)22058866#855,https://sites.google.com/apps.ntpc.edu.tw/su13su,152,,,,,無,官方主檔
K0B7EFED46F,新北市新莊區國泰國民小學附設幼兒園,新北市,新莊區,公立,國小附設幼兒園,中正路386號,(02)29043693#601,http://163.20.117.140,166,,,,,無,官方主檔
K2965EACDEB,新北市新莊區思賢國民小學附設幼兒園,新北市,新莊區,公立,國小附設幼兒園,自立街229號,(02)29980443#806,http://tw.class.uschoolnet.com/class/?csid=css000000244079,226,,,,,無,官方主檔
KDEB81EB7A7,新北市新莊區新泰國民小學附設幼兒園,新北市,新莊區,公立,國小附設幼兒園,公園一路91號,(02)29971005#117,http://www.stps.ntpc.edu.tw/,182,,,,,無,官方主檔
KBEF80C1F26,新北市新莊區新莊國民小學附設幼兒園,新北市,新莊區,公立,國小附設幼兒園,中正路86號,(02)29931201#804,http://scps-preschool.blogspot.com/,120,,,,,無,官方主檔
K1F6AB512C3,新北市新莊區昌隆國民小學附設幼兒園,新北市,新莊區,公立,國小附設幼兒園,昌隆街63號,(02)29962351#811,http://honeyboss.tw.class.uschoolnet.com/,212,,,,,無,官方主檔
K7E60FECD7F,新北市新莊區榮富國民小學附設幼兒園,新北市,新莊區,公立,國小附設幼兒園,中和街193號,(02)22769020#871,https://sites.google.com/mail.lfes.ntpc.edu.tw/lfeskids/,60,,,,,無,官方主檔
K7F5C86B315,新北市新莊區民安國民小學附設幼兒園,新北市,新莊區,公立,國小附設幼兒園,民安路261號,(02)22056777#91.92,https://m22023527.pixnet.net/blog,180,,,,,無,官方主檔
KC8BDD51489,新北市新莊區興化國民小學附設幼兒園,新北市,新莊區,公立,國小附設幼兒園,五工二路50巷2號,(02)22991001#601,http://www.tshes.ntpc.edu.tw/mdex,136,,,,,無,官方主檔
K51D55812FE,新北市新莊區裕民國民小學附設幼兒園,新北市,新莊區,公立,國小附設幼兒園,裕民街123號,(02)29062407#720,https://sites.google.com/ymes.ntpc.edu.tw/kids/%E9%A6%96%E9%A0%81,210,,,,,無,官方主檔
K55038FCD7C,新北市新莊區豐年國民小學附設幼兒園,新北市,新莊區,公立,國小附設幼兒園,瓊泰路116號,(02)22017102#850,http://nas.fnes.ntpc.edu.tw/~fneskid/blog/,196,,,,,無,官方主檔
K356543C50E,新北市新莊區頭前國民小學附設幼兒園,新北市,新莊區,公立,國小附設幼兒園,化成路231號,(02)29920238#860,http://tw.class.urlifelinks.com/class/?csid=css000000041750,120,,,,,無,官方主檔
KB7027794AA,新北市昌平非營利幼兒園(委託財團法人三之三生命教育基金會辦理),新北市,新莊區,非營利,獨立幼兒園,昌平街200號1、2樓,(02)85219488,http://www.3-3life.org.tw/,120,105,13,10,,無,官方主檔＋決算報告
KE2E8B37088,新北市福營非營利幼兒園(委託社團法人中華兆陽文教發展協會辦理),新北市,新莊區,非營利,獨立幼兒園,富國路105號1樓,(02)22022202,,120,,13,10,,無,官方主檔＋決算報告
KC77846D7E5,新北市私立互仁幼兒園,新北市,新莊區,私立,獨立幼兒園,福壽街99巷6弄1號1樓,(02)29916568,,90,,,,,無,官方主檔
KC672EC7978,新北市私立何嘉仁幼兒園,新北市,新莊區,私立,獨立幼兒園,中和街155巷24弄26號1樓,(02)89920088,,150,,,,,無,官方主檔
K734434977A,新北市私立健群幼兒園,新北市,新莊區,私立,獨立幼兒園,"龍安路78號2樓,80號1,2樓",(02)29032148,,58,,,,,無,官方主檔
KCD538254A9,新北市私立傑出幼兒園,新北市,新莊區,私立,獨立幼兒園,中原東路50號1~2樓,(02)85212182,,38,,,,,無,官方主檔
K94C72E5FCD,新北市私立傑安幼兒園,新北市,新莊區,私立,獨立幼兒園,中正路161號1樓,(02)89923416,http://www.giant-kids.com.tw,30,,,,,無,官方主檔
KDAD821AD15,新北市私立傑瑞兒童村幼兒園,新北市,新莊區,私立,獨立幼兒園,"中正路887-27號1,2樓、887-27號2樓之1號",(02)29025350,http://www.ettoday.com.tw/yoyo 傑瑞分園,150,,,,,無,官方主檔
K1DA467A983,新北市私立僑治亞幼兒園,新北市,新莊區,私立,獨立幼兒園,中港路629號1樓,(02)89926688,http://www.preschool-georia.com.tw,60,,,,,無,官方主檔
K21A4930550,新北市私立僑治亞幼兒園中港分班,新北市,新莊區,私立,獨立幼兒園,中港路629號2樓,(02)89926688,,50,,,,,無,官方主檔
K50329F14BE,新北市私立僑治亞頭前幼兒園,新北市,新莊區,私立,獨立幼兒園,化成路540之2號(1樓),(02)89929273,,34,,,,,無,官方主檔
K8C8716C6FF,新北市私立儒林幼兒園,新北市,新莊區,私立,獨立幼兒園,"中正路新生巷73,75號1樓",(02)29072893,,42,,,,,無,官方主檔
KEC7D5619AC,新北市私立凱達格蘭幼兒園,新北市,新莊區,私立,獨立幼兒園,昌明街32號1樓及地下室(部分使用)、36號1樓及地下室(部分使用),(02)29946705,,33,,,,,有，人數：6,官方主檔
KEB4C7059CB,新北市私立勵輝國際幼兒園,新北市,新莊區,私立,獨立幼兒園,頭前路26號2樓(2、3層),(02)22768918,,84,,,,,無,官方主檔
K06E3350E24,新北市私立勵輝幼兒園,新北市,新莊區,私立,獨立幼兒園,頭前路26號1樓,(02)89935981,http://163.20.71.9/leder,60,,,,,無,官方主檔
K30B886FC90,新北市私立千暉幼兒園,新北市,新莊區,私立,獨立幼兒園,八德街95巷1弄2、4號1樓、2-1、4-1號2樓、3弄1、3、5、7號1樓,(02)22052788,http://johnhay.woby.com.tw,269,,,,,無,官方主檔
K11349B0926,新北市私立及人幼兒園,新北市,新莊區,私立,獨立幼兒園,中誠街118巷9號2樓及11號1、2樓,(02)29912414,,68,,,,,無,官方主檔
K79791C2A87,新北市私立吉尼爾幼兒園,新北市,新莊區,私立,獨立幼兒園,中華路2段159號1、2樓,(02)29901626,,56,,,,,無,官方主檔
K212C301EC6,新北市私立和智幼兒園,新北市,新莊區,私立,獨立幼兒園,新莊市昌平街71巷20號1樓、22號1樓,(02)29989969,,39,,,,,無,官方主檔
KD512B73DE1,新北市私立喬聖幼兒園,新北市,新莊區,私立,獨立幼兒園,中原路135號1樓、137號2樓之1,(02)89916887,,80,,,,,無,官方主檔
KEB9B517BA2,新北市私立塏地安幼兒園,新北市,新莊區,私立,獨立幼兒園,化成路492巷10號,(02)29929193,,40,,,,,無,官方主檔
K20C880592E,新北市私立大世紀幼兒園,新北市,新莊區,私立,獨立幼兒園,公園路129號2樓,(02)29901800,,170,,,,,無,官方主檔
K19C0182B77,新北市私立大鵬鳥幼兒園,新北市,新莊區,私立,獨立幼兒園,中原路105號1樓、2樓之3、2樓之5,(02)89911988,,58,,,,,無,官方主檔
K7DC12C34FC,新北市私立太陽花幼兒園,新北市,新莊區,私立,獨立幼兒園,中正路425號1.2樓,(02)82012211,http://www.sun-flower425.woby.tw/,150,,,,,無,官方主檔
K42CE55C894,新北市私立妙博士幼兒園,新北市,新莊區,私立,獨立幼兒園,景德路212號1樓至2樓,(02)82015747,,41,,,,,無,官方主檔
KDC86D29381,新北市私立安安幼兒園,新北市,新莊區,私立,獨立幼兒園,民安西路150巷1、3、5號,(02)22023177,,90,,,,,無,官方主檔
K741103EE83,新北市私立宏仁幼兒園,新北市,新莊區,私立,獨立幼兒園,中平路6巷42、44號,(02)29920634,,57,,,,,無,官方主檔
KF784683FD4,新北市私立寧馨園幼兒園,新北市,新莊區,私立,獨立幼兒園,龍安路517號1樓,(02)22039070,,39,,,,,無,官方主檔
KF174D0DA05,新北市私立寶貝家族幼兒園,新北市,新莊區,私立,獨立幼兒園,新泰路17號1樓,(02)22025567,,59,,,,,無,官方主檔
K85371D9ACE,新北市私立尼爾生幼兒園,新北市,新莊區,私立,獨立幼兒園,中平路81巷4號1樓、2樓,(02)22797200,新北市新莊區中平路81巷4號,53,,,,,無,官方主檔
K5791113828,新北市私立幼愛幼兒園,新北市,新莊區,私立,獨立幼兒園,"建中街116巷1弄4號1樓,忠孝里9鄰建中街124、126、128號1樓",(02)29976565,,80,,,,,無,官方主檔
KD9E877D966,新北市私立建和幼兒園,新北市,新莊區,私立,獨立幼兒園,中正路149號2樓,(02)29946699,grace67@kimo.com,80,,,,,無,官方主檔
KBBC1443FA5,新北市私立心慈幼兒園,新北市,新莊區,私立,獨立幼兒園,中正路700-14號1-~2樓、700-15號1~2樓,(02)29019153,,62,,,,,無,官方主檔
K624E7662CC,新北市私立思源幼兒園,新北市,新莊區,私立,獨立幼兒園,思源路287巷1弄88號,(02)29938322,http://kid.jgps.tpc.edu.tw/siyuan,90,,,,,無,官方主檔
KAA2167C1C4,新北市私立悠幼幼兒園,新北市,新莊區,私立,獨立幼兒園,中信街68號2樓之1(1、2樓)、68號(2樓共同使用部分),(02)89925711,,194,,,,,有，人數：54,官方主檔
KF9AB5C475A,新北市私立惠園幼兒園,新北市,新莊區,私立,獨立幼兒園,"中正路新雅巷20號1,2樓",(02)22095126,,59,,,,,無,官方主檔
K094305ACA8,新北市私立惠文領袖幼兒園,新北市,新莊區,私立,獨立幼兒園,民安路207巷24號1、2、3樓,(02)22035901,,150,,,,,無,官方主檔
K43E05E5365,新北市私立惠群幼兒園,新北市,新莊區,私立,獨立幼兒園,化成路143號,(02)29901158,,45,,,,,無,官方主檔
KD37C9E0CF8,新北市私立意秋幼兒園,新北市,新莊區,私立,獨立幼兒園,"後港一路192號1,2,3樓",(02)29028680,,200,,,,,無,官方主檔
K21D73B199C,新北市私立慷乃兒幼兒園,新北市,新莊區,私立,獨立幼兒園,中平路178號2樓、182號1樓,(02)29915615,,75,,,,,無,官方主檔
KB97E52BE04,新北市私立成功幼兒園,新北市,新莊區,私立,獨立幼兒園,四維路20號1樓至3樓及後港二路9號1樓,(02)22043840,https://ckkids.topschool.tw/Home/Main,240,,,,,無,官方主檔
KE0805512AB,新北市私立成德幼兒園,新北市,新莊區,私立,獨立幼兒園,民安東路48號1、2、3樓,(02)22036555,http://www.chiender.com.tw,90,,,,,無,官方主檔
KDC0DF595DC,新北市私立成德菁英幼兒園,新北市,新莊區,私立,獨立幼兒園,民安東路66號1、2、3樓,(02)22036555,,705,,,,,無,官方主檔
K1454B52070,新北市私立捷群幼兒園,新北市,新莊區,私立,獨立幼兒園,建安街16巷6號1樓,(02)22068477,,30,,,,,無,官方主檔
K561B13FB07,新北市私立文理幼兒園,新北市,新莊區,私立,獨立幼兒園,中泰街104巷5弄9號及11號1樓中全里16鄰中泰街116號1樓,(02)29949248,,75,,,,,無,官方主檔
K204908609B,新北市私立文笙幼兒園,新北市,新莊區,私立,獨立幼兒園,"昌隆街86號1,2樓88號1,2樓",(02)29982553,,80,,,,,無,官方主檔
K3435DEFEAB,新北市私立新榮富幼兒園,新北市,新莊區,私立,獨立幼兒園,中和街218巷1號1樓,(02)29922174,www.newkids.com.tw,30,,,,,無,官方主檔
KC3B4028E84,新北市私立新榮富新莊幼兒園,新北市,新莊區,私立,獨立幼兒園,"中和街204巷1、3號,218巷2、6號,中信里12鄰中和街1、3、5、7、11號",(02)29922174,,180,,,,,無,官方主檔
KAA1AF50FFC,新北市私立新育幼幼兒園,新北市,新莊區,私立,獨立幼兒園,民樂街49號、55號,(02)29945388,yuhyow.woby.com.tw,57,,,,,無,官方主檔
KCE3206B731,新北市私立晨光幼兒園,新北市,新莊區,私立,獨立幼兒園,雙鳳路90巷3弄5號,(02)29011339,,120,,,,,無,官方主檔
KE95AD4E07B,新北市私立晨星幼兒園,新北市,新莊區,私立,獨立幼兒園,昌隆街5號2樓、7號1、2樓、9號2樓,(02)29919307,,80,,,,,無,官方主檔
K9E330D9CAD,新北市私立杜克幼兒園,新北市,新莊區,私立,獨立幼兒園,建福路58巷2號、4號,(02)22065472,,43,,,,,無,官方主檔
K172A682EBE,新北市私立格登幼兒園,新北市,新莊區,私立,獨立幼兒園,"中信街109號1,2樓,111號1樓",(02)29909966,,122,,,,,無,官方主檔
KA3B4B88CA0,新北市私立楷模幼兒園,新北市,新莊區,私立,獨立幼兒園,民安路177號2樓,(02)22083282,,104,,,,,無,官方主檔
KBF0F029CBB,新北市私立榮富幼兒園,新北市,新莊區,私立,獨立幼兒園,"中和街155巷24弄26號2,3樓",(02)89920088,,250,,,,,無,官方主檔
KCA9629FD8B,新北市私立榮富日光幼兒園,新北市,新莊區,私立,獨立幼兒園,中和街155巷24弄65號,(02)77029008,,355,,,,,有，人數：65,官方主檔
KAA731E5B31,新北市私立榮欣幼兒園,新北市,新莊區,私立,獨立幼兒園,中和街191巷47號1樓、51號1樓,(02)29922174,,33,,,,,無,官方主檔
KB0551E9C28,新北市私立欣園幼兒園,新北市,新莊區,私立,獨立幼兒園,中港路207巷14號,(02)29910322,www.shinyuankg.com.tw,135,,,,,無,官方主檔
K4B3E802032,新北市私立民安幼兒園,新北市,新莊區,私立,獨立幼兒園,民安西路137號2樓及龍安路456號2樓,(02)22050494,,240,,,,,有，人數：90,官方主檔
KA47D94076F,新北市私立民生幼兒園,新北市,新莊區,私立,獨立幼兒園,自立街214巷9弄1號、3號,(02)29923340,www.melson.com.tw,102,,,,,無,官方主檔
KB86893382E,新北市私立永松幼兒園,新北市,新莊區,私立,獨立幼兒園,光華街24、26號1、2樓,(02)22020520,,89,,,,,無,官方主檔
KB75732A798,新北市私立永錡光華幼兒園,新北市,新莊區,私立,獨立幼兒園,民安西路410巷15號3樓,(02)22035588,,37,,,,,無,官方主檔
K37E8D5DD0C,新北市私立永錡幼兒園,新北市,新莊區,私立,獨立幼兒園,民安西路410巷15號1.2樓,(02)22035588,,60,,,,,無,官方主檔
K28BE6E1328,新北市私立永錡新莊幼兒園,新北市,新莊區,私立,獨立幼兒園,民安西路410巷19號1、2、3樓,(02)22035588,新北市新莊區民安西路410巷19號1、2、3樓,166,,,,,無,官方主檔
KC044C127AC,新北市私立永錡裕民幼兒園,新北市,新莊區,私立,獨立幼兒園,龍安路67號1~3樓,(02)29011741,,83,,,,,無,官方主檔
KFC27A63E49,新北市私立生活家幼兒園,新北市,新莊區,私立,獨立幼兒園,瓊泰路36號1樓、38號1、2樓,(02)22015533,http://apple36.com.tw/family,32,,,,,無,官方主檔
K898933A832,新北市私立福華幼兒園,新北市,新莊區,私立,獨立幼兒園,德豐街1號1樓,(02)22771188,,310,,,,,無,官方主檔
KD3D4D0180D,新北市私立維尼芽幼兒園,新北市,新莊區,私立,獨立幼兒園,後港一路76巷14弄3號1樓、建安街40巷7號1樓,(02)22050200,http://viniya.52school.com.tw/,58,,,,,無,官方主檔
K976D5861D9,新北市私立育全幼兒園,新北市,新莊區,私立,獨立幼兒園,裕民街85巷5號、9號、裕民街55巷14號及裕民街73巷4、6、8號,(02)29024273,,210,,,,,無,官方主檔
K998F150E77,新北市私立育勝幼兒園,新北市,新莊區,私立,獨立幼兒園,富貴路90號1、2、3樓及96號1樓,(02)85217126,新北市新莊區富貴路90號,300,,,,,無,官方主檔
K7885C39B2B,新北市私立育誠中榮幼兒園,新北市,新莊區,私立,獨立幼兒園,中榮街56巷13弄1號1樓、中原里14鄰中榮街9號1樓,(02)29938181,,55,,,,,無,官方主檔
K55400DE89E,新北市私立育誠幼兒園,新北市,新莊區,私立,獨立幼兒園,"中榮街56巷13弄2、6、8號1樓,中原里11鄰中港路中慶巷39、41號1樓",(02)29946485,,110,,,,,無,官方主檔
K63BFDD8254,新北市私立英勝幼兒園,新北市,新莊區,私立,獨立幼兒園,富貴路88號1、2、3樓,(02)85213736,,300,,,,,無,官方主檔
K8F471D4CD8,新北市私立蓮育幼兒園,新北市,新莊區,私立,獨立幼兒園,瓊林路瓊英巷7號及9號1樓,(02)82011285,,33,,,,,無,官方主檔
K798A7947BC,新北市私立親親袋鼠幼兒園,新北市,新莊區,私立,獨立幼兒園,思源路87巷11號1樓、11之1號1樓,(02)29949655,,145,,,,,無,官方主檔
KF64B343AFB,新北市私立超級小太陽幼兒園,新北市,新莊區,私立,獨立幼兒園,天泉二街22巷1號1樓,(02)22091702,,38,,,,,,官方主檔
K05DC324D25,新北市私立青園幼兒園,新北市,新莊區,私立,獨立幼兒園,"中港路338之1號1樓,中安街5巷21號2樓",(02)29932211,http://gpark.woby.com.tw,90,,,,,無,官方主檔
KD0BA35556D,新北市立新泰國民中學附設幼兒園,新北市,新莊區,公立,國中附設幼兒園,新泰路359號,(02)29960745#700,http://freebsd.htjh.ntpc.edu.tw/~kin_dir/,210,,,,,無,官方主檔
K297398D614,新北市立新莊幼兒園,新北市,新莊區,公立,獨立幼兒園,中港路350號,(02)29911476,https://xinzhuang89920105.blogspot.com/,163,,,,,無,官方主檔
K1C023F5B5F,新北市立新莊幼兒園中心分班,新北市,新莊區,公立,獨立幼兒園,福營路277號,(02)29089162,https://xinzhuang89920105.blogspot.com/,120,,,,,無,官方主檔
K38C529767D,新北市立頭前國民中學附設幼兒園,新北市,新莊區,公立,國中附設幼兒園,中原路2號,(02)85222862#605,http://http://kids61.tw.class.uschoolnet.com/,90,,,,,無,官方主檔
K9ED1398D96,海納川全人教育股份有限公司附設新北市私立艾倫戴爾幼兒園,新北市,新莊區,私立,法人公司附設幼兒園,中正路715號1、2、3樓及715號(166建號E區),(02)77515999,,811,,,,,無,官方主檔
K8580D01B34,行政院新莊聯合辦公大樓各進駐機關員工子女非營利幼兒園(委託社團法人新竹市教保人員協會辦理),新北市,新莊區,非營利,獨立幼兒園,中平路439號,(02)85218242,https://www.facebook.com/profile.php?id=100057629463740,105,,,,,無,官方主檔
K1B0AC880EA,財團法人天主教會台北教區附設新北市私立恆毅幼兒園,新北市,新莊區,私立,法人公司附設幼兒園,中正路128巷5號1樓、2樓,(02)29931491,https://0229923548.topschool.tw,90,,,,,無,官方主檔
K4FF646C070,財團法人天主教會台北教區附設新北市私立鳴遠幼兒園,新北市,新莊區,私立,法人公司附設幼兒園,新興街1號,(02)29929164,http://www.kjftw.org.tw/school14/,300,,,,,無,官方主檔
KFA5C6AFA88,輔仁大學學校財團法人輔仁大學附設新北市私立幼兒園,新北市,新莊區,私立,高中職大專附設幼兒園,中正路510號,(02)29053607,http://www.kg.fju.edu.tw/,280,,,,,無,官方主檔
K715D310DCD,新北市中華電信江翠職場互助教保服務中心(委託社團法人台灣幼兒早期教育協會辦理),新北市,板橋區,私立,職場互助教保服務中心,雙十路二段 70巷2號1樓,(02)22540051,https://www.facebook.com/JC.TECEA,50,,,,,無,官方主檔
KB123C46D82,新北市大觀非營利幼兒園(委託社團法人新北市中華國際嬰幼兒發展學會辦理),新北市,板橋區,非營利,獨立幼兒園,僑中一街1號1樓,(02)89650800,,106,,,,,無,官方主檔
KED39D6F381,新北市政府板橋員工子女非營利幼兒園(委託財團法人台北基督教女青年會辦理),新北市,板橋區,非營利,獨立幼兒園,中山路一段161號2樓西側,(02)29603456#5207,http://www.ywca-taipei.org.tw/ntpckids/,166,136,21,15,,無,官方主檔＋決算報告
K1903EBE606,新北市新月非營利幼兒園(委託財團法人彭婉如文教基金會辦理),新北市,板橋區,非營利,獨立幼兒園,中正路437號1樓、2樓,(02)29665136,,484,174,26,19,,無,官方主檔＋決算報告
K6C5D2C7F2B,新北市板橋區中山國民小學附設幼兒園,新北市,板橋區,公立,國小附設幼兒園,大觀路二段59巷31號,(02)22755313#181,http://tw.myblog.yahoo.com/jw!9F6pukqIAx.LUF4yzBHQufo-,180,,,,,無,官方主檔
K1FC7870B2D,新北市板橋區信義國民小學附設幼兒園,新北市,板橋區,公立,國小附設幼兒園,四川路二段245巷60號,(02)89667817#171,https://sites.google.com/thyes.ntpc.edu.tw/xinyikindy,212,,,,,無,官方主檔
K22996BF6CE,新北市板橋區國光國民小學附設幼兒園,新北市,板橋區,公立,國小附設幼兒園,中正路325巷30號,(02)29680611#511,https://sites.google.com/a/kkes.ntpc.edu.tw/xin-bei-shi-guo-guang-guo-xiao-you-er-yuan,210,,,,,無,官方主檔
KDB2314D394,新北市板橋區埔墘國民小學附設幼兒園,新北市,板橋區,公立,國小附設幼兒園,永豐街42之8號,(02)29616690#282,https://www.pces.ntpc.edu.tw/,286,,,,,無,官方主檔
K8B449DBA33,新北市板橋區大觀國民小學附設幼兒園,新北市,板橋區,公立,國小附設幼兒園,大觀路一段30號,(02)29603373#880,http://163.20.6.1/default.asp,210,,,,,無,官方主檔
KD949450392,新北市板橋區實踐國民小學附設幼兒園,新北市,板橋區,公立,國小附設幼兒園,實踐路93巷51號,(02)29531233#700,https://sites.google.com/view/sjpsece/,256,,,,,無,官方主檔
K7BA087382E,新北市板橋區後埔國民小學附設幼兒園,新北市,板橋區,公立,國小附設幼兒園,重慶路157號,(02)29614142#862,https://sites.google.com/hpes.ntpc.edu.tw/hpes,120,,,,,無,官方主檔
KE71BAFE638,新北市板橋區文德國民小學附設幼兒園,新北市,板橋區,公立,國小附設幼兒園,英士路179號,(02)22577193#36,http://teacher.wdps.tpc.edu.tw/child/,120,,,,,無,官方主檔
K4078F10678,新北市板橋區文聖國民小學附設幼兒園,新北市,板橋區,公立,國小附設幼兒園,文聖街86號,(02)22530782#628,http://www.wses.ntpc.edu.tw//,212,,,,,無,官方主檔
KE086FABBFD,新北市板橋區新埔國民小學附設幼兒園,新北市,板橋區,公立,國小附設幼兒園,陽明街206號,(02)22571830#682,http://163.20.77.4/kid/,120,,,,,無,官方主檔
KBFEEFCC33E,新北市板橋區板橋國民小學附設幼兒園,新北市,板橋區,公立,國小附設幼兒園,文化路一段23號,(02)29686834#860,http://tw.class.uschoolnet.com/class/?csid=css000000153402,180,,,,,無,官方主檔
K9CF3AB3ACE,新北市板橋區江翠國民小學附設幼兒園,新北市,板橋區,公立,國小附設幼兒園,文化路二段413號,(02)22506374,https://www.ctes.ntpc.edu.tw/p/426-1000-22.php,152,,,,,無,官方主檔
K6FB70CA073,新北市板橋區沙崙國民小學附設幼兒園,新北市,板橋區,公立,國小附設幼兒園,篤行路二段132號,(02)26812764#851,http://tw.myblog.yahoo.com/sharon_preschool,196,,,,,無,官方主檔
KA00B678BFA,新北市板橋區海山國民小學附設幼兒園,新北市,板橋區,公立,國小附設幼兒園,漢生東路280號,(02)29545725#545,http://www.hsps.ntpc.edu.tw/kindergarten.htm,90,,,,,無,官方主檔
K4E84EC3CF2,新北市板橋區溪洲國民小學附設幼兒園,新北市,板橋區,公立,國小附設幼兒園,金門街289號,(02)26867705#83,http://sips015.blogspot.com/,120,,,,,無,官方主檔
K9D3314DC96,新北市板橋區莒光國民小學附設幼兒園,新北市,板橋區,公立,國小附設幼兒園,莒光路163號,(02)82597020,http://www.jges.ntpc.edu.tw/,120,,,,,無,官方主檔
KCF9A1231D9,新北市板橋區重慶國民小學附設幼兒園,新北市,板橋區,公立,國小附設幼兒園,廣和街31號,(02)29565592#501,http://www.cges.ntpc.edu.tw/,76,,,,,無,官方主檔
K557631E383,新北市柏翠非營利幼兒園(委託財團法人心路社會福利基金會辦理),新北市,板橋區,非營利,獨立幼兒園,華江一路150號,(02)22565058,,166,155,21,14,,無,官方主檔＋決算報告
KB835452355,新北市永翠非營利幼兒園(委託社團法人新北市多元教育協會辦理),新北市,板橋區,非營利,獨立幼兒園,香社一路56號,(02)29683356,https://www.facebook.com/yongcui114/,166,,,,,無,官方主檔
K55CE3E3870,新北市私立三元幼兒園,新北市,板橋區,私立,獨立幼兒園,民生路三段10號3樓,(02)82533120,,69,,,,,無,官方主檔
K9431D5B76F,新北市私立亞特幼兒園,新北市,板橋區,私立,獨立幼兒園,國光路53號1樓,(02)29687719,,29,,,,,無,官方主檔
KA1774C5940,新北市私立偉仁幼兒園,新北市,板橋區,私立,獨立幼兒園,江寧路三段85巷10號、12號及14號1樓,(02)22520645,,70,,,,,無,官方主檔
K12AF030824,新北市私立優兒幼兒園,新北市,板橋區,私立,獨立幼兒園,成都街103號1樓,(02)29627559,,29,,,,,無,官方主檔
KC0EC154EDA,新北市私立優貝兒幼兒園,新北市,板橋區,私立,獨立幼兒園,三民路二段正隆巷61號、63號及65號1樓,(02)66377989,http://www.urbaby.com.tw/,50,,,,,無,官方主檔
K280ECFEE50,新北市私立光星幼兒園,新北市,板橋區,私立,獨立幼兒園,文化路一段188巷26號,(02)22570779,,60,,,,,無,官方主檔
K3CFAD92B70,新北市私立全能愛彌兒板橋幼兒園,新北市,板橋區,私立,獨立幼兒園,中山路二段89巷6弄9號1樓及2樓、永豐街43號3樓,(02)29541585,,56,,,,,無,官方主檔
K682E4D4253,新北市私立全能愛彌兒板橋幼兒園永豐分班,新北市,板橋區,私立,獨立幼兒園,永豐街43號1樓及2樓、43之1號1樓、41號1樓,(02)29541585,,45,,,,,無,官方主檔
KDC94887047,新北市私立凱思莉幼兒園,新北市,板橋區,私立,獨立幼兒園,文聖街137號1樓、夾層、b1,(02)82521364,,28,,,,,無,官方主檔
KDC6DC43607,新北市私立卡爾威特幼兒園,新北市,板橋區,私立,獨立幼兒園,板新路101號2樓,(02)89518905,http://tw.myblog.yahoo.com/gymbaby-blog,130,,,,,無,官方主檔
KAE06BD146C,新北市私立卡爾斯登幼兒園,新北市,板橋區,私立,獨立幼兒園,莊敬路42號1樓、2樓及3樓,(02)82532319,,60,,,,,無,官方主檔
K577B987786,新北市私立古典幼兒園,新北市,板橋區,私立,獨立幼兒園,雙十路三段12號2樓,(02)82570020,,43,,,,,無,官方主檔
K1B43B6E372,新北市私立台大幼兒園,新北市,板橋區,私立,獨立幼兒園,僑中一街80巷7弄1號1樓、1之1號2樓,(02)29691212,K200021@kidmail.tpc.edu.tw,60,,,,,無,官方主檔
KA6DDFAFE52,新北市私立吉智幼兒園,新北市,板橋區,私立,獨立幼兒園,存德街20號1樓、2樓、3樓、存德街20之1號1樓及2樓,(02)26822201,,158,,,,,無,官方主檔
K5FD9026C34,新北市私立吉的堡南雅幼兒園,新北市,板橋區,私立,獨立幼兒園,南雅南路一段40號2樓、2樓之1及3樓,(02)22711199,,102,,,,,無,官方主檔
K34376407EF,新北市私立和平幼兒園,新北市,板橋區,私立,獨立幼兒園,民權路202巷17弄70號,(02)29671237,,180,,,,,無,官方主檔
KFB40BD770B,新北市私立喬一幼兒園,新北市,板橋區,私立,獨立幼兒園,三民路一段120號2樓、122號2樓及126號2樓,(02)89513738,,100,,,,,無,官方主檔
K7109350D08,新北市私立喬幼光明幼兒園,新北市,板橋區,私立,獨立幼兒園,光明街68號1樓、68之1號2樓,(02)29637600,,93,,,,,無,官方主檔
K3522FCE797,新北市私立喬幼幼兒園,新北市,板橋區,私立,獨立幼兒園,光明街72號、72之1號、74號、74之1號,(02)29637600,,80,,,,,無,官方主檔
K9C0E94470C,新北市私立喬心幼兒園,新北市,板橋區,私立,獨立幼兒園,龍泉街55巷38弄2號2樓及3樓、55巷36號1樓及2樓,(02)22557988,,98,,,,,無,官方主檔
KF757CAACF6,新北市私立喬治亞幼兒園,新北市,板橋區,私立,獨立幼兒園,莒光路135之1號1樓、135號1樓、137號1樓、139號1樓、135號2樓及137號2樓,(02)22599752,,90,,,,,無,官方主檔
K78998EEF90,新北市私立嘉盛幼兒園,新北市,板橋區,私立,獨立幼兒園,實踐路76號2樓、3樓,(02)89533958,,84,,,,,無,官方主檔
KEB9B7DB0B5,新北市私立嘉穎幼兒園,新北市,板橋區,私立,獨立幼兒園,文化路二段92號1樓、92號2樓、92之1號1樓,(02)22590745,,190,,,,,無,官方主檔
KFA7116299F,新北市私立國儷幼兒園,新北市,板橋區,私立,獨立幼兒園,三民路二段245巷62號1樓、2樓及3樓,(02)29540804,http://kuoli.topschool.com.tw,220,,,,,有，人數：30,官方主檔
KC8E2B4DA73,新北市私立圓心坊幼兒園,新北市,板橋區,私立,獨立幼兒園,大同街57號1樓,(02)82523737,http://blog.sina.com.tw/mickey82523737/,30,,,,,無,官方主檔
KDCFB08AEF4,新北市私立培揚幼兒園,新北市,板橋區,私立,獨立幼兒園,貴興路62、64號1樓,(02)29535289,,38,,,,,無,官方主檔
KD88FE118B4,新北市私立大同幼兒園,新北市,板橋區,私立,獨立幼兒園,自由路26巷24號及26號1樓,(02)22556104,,66,,,,,無,官方主檔
K2A046D198C,新北市私立大安幼兒園,新北市,板橋區,私立,獨立幼兒園,大觀路二段59巷29號1樓,(02)22752451,http://apple36.com.tw/Daan,90,,,,,無,官方主檔
KBF5A24D339,新北市私立大恩幼兒園,新北市,板橋區,私立,獨立幼兒園,介壽街23號及25號1樓,(02)22585685,,42,,,,,無,官方主檔
K3A6C5833C7,新北市私立大業幼兒園,新北市,板橋區,私立,獨立幼兒園,重慶路278巷17號1樓,(02)29555614,,40,,,,,無,官方主檔
K571488907B,新北市私立大自然幼兒園,新北市,板橋區,私立,獨立幼兒園,忠孝路48巷2弄8號1樓,(02)29530831,,49,,,,,有，人數：6,官方主檔
KDD92EB2D16,新北市私立天愛幼兒園,新北市,板橋區,私立,獨立幼兒園,光明街120號1樓及2樓,(02)29598517,http://tianai.woby.tw,77,,,,,無,官方主檔
K60D5DAB4A1,新北市私立天藍幼兒園,新北市,板橋區,私立,獨立幼兒園,僑中一街124巷3弄16號1樓,(02)29692577,,60,,,,,無,官方主檔
K0B2F001018,新北市私立寶貝世界幼兒園,新北市,板橋區,私立,獨立幼兒園,中正路332號2樓,(02)29601100,,100,,,,,,官方主檔
KA8950905BB,新北市私立寶貝媽咪幼兒園,新北市,板橋區,私立,獨立幼兒園,莊敬路46號2樓之2,(02)82529955,,60,,,,,無,官方主檔
KF19E7D35A7,新北市私立寶貝媽咪資優幼兒園,新北市,板橋區,私立,獨立幼兒園,莊敬路46號2樓之3,(02)82529955#31,,74,,,,,無,官方主檔
K7CA92835C4,新北市私立小奈米幼兒園,新北市,板橋區,私立,獨立幼兒園,四川路2段23之1、23之2、25之1、25之2號2、3樓,(02)89664504,,95,,,,,無,官方主檔
K08DCC0E66E,新北市私立小康幼兒園,新北市,板橋區,私立,獨立幼兒園,長安街138巷7弄36、38號1、2樓,(02)29512112,shirley.blogkids.net,48,,,,,無,官方主檔
K976A4272F0,新北市私立山姆叔叔板橋幼兒園,新北市,板橋區,私立,獨立幼兒園,文化路二段348號1樓、2樓及3樓,(02)82513898,http://i-web61.vipcase.net/html/front/bin/home.phtml,40,,,,,無,官方主檔
K3178125005,新北市私立巧可麗巧宇幼兒園,新北市,板橋區,私立,獨立幼兒園,文聖街73號2樓,(02)22545050,,180,,,,,無,官方主檔
K3452882B4D,新北市私立布查花園幼兒園,新北市,板橋區,私立,獨立幼兒園,樂群路38、40號1樓及夾層,(02)29688911,,180,,,,,無,官方主檔
K75E07801E5,新北市私立幸福幼兒園,新北市,板橋區,私立,獨立幼兒園,幸福路32巷2弄2號1樓、4號1樓,(02)22566301,,65,,,,,無,官方主檔
K5C16AA5A2D,新北市私立幼暉幼兒園,新北市,板橋區,私立,獨立幼兒園,民族路289巷2號1樓,(02)29621247,http://yu-hui.topschool.com.tw/,46,,,,,無,官方主檔
K92FF7CE8ED,新北市私立幼祥幼兒園,新北市,板橋區,私立,獨立幼兒園,中正路360巷45、47、49號1樓,(02)29667509,http://youshine.topschool.com.tw,84,,,,,無,官方主檔
K86D95E6648,新北市私立幼菁幼兒園,新北市,板橋區,私立,獨立幼兒園,莒光路196巷28號及180巷40號,(02)22538670,,70,,,,,無,官方主檔
K91741FFF27,新北市私立幼華幼兒園,新北市,板橋區,私立,獨立幼兒園,大仁街68號,(02)22720200,http://sunflower.blogkids.net/,39,,,,,無,官方主檔
K285B142ADE,新北市私立康園幼兒園,新北市,板橋區,私立,獨立幼兒園,文聖街89巷17號2樓、19號3樓,(02)82586586,,58,,,,,無,官方主檔
K954E045544,新北市私立彬彬幼兒園,新北市,板橋區,私立,獨立幼兒園,館前西路160巷2號1樓及2樓,(02)29684216,http://tw.myblog.yahoo.com/binbin_k2008,150,,,,,無,官方主檔
KF648DFD762,新北市私立心世紀幼兒園,新北市,板橋區,私立,獨立幼兒園,雙十路二段213號3樓,(02)82512771,http://www.yourwants.com.tw,59,,,,,無,官方主檔
KD2CDF46062,新北市私立心耶魯幼兒園,新北市,板橋區,私立,獨立幼兒園,文聖街149巷6號1樓,(02)22520462,,38,,,,,無,官方主檔
KBC44A0178F,新北市私立忠孝幼兒園,新北市,板橋區,私立,獨立幼兒園,忠孝路忠義巷19弄9、11號,(02)29621696,,60,,,,,無,官方主檔
K61383869E3,新北市私立忠山幼兒園,新北市,板橋區,私立,獨立幼兒園,中正路275巷62弄1、3、5號1樓,(02)29676813,,57,,,,,無,官方主檔
K84DA748503,新北市私立恬馨幼兒園,新北市,板橋區,私立,獨立幼兒園,篤行路二段67巷5號1樓、77巷3號1樓及2樓,(02)26828878,http://tyanshin.topschool.com.tw/,120,,,,,有，人數：14,官方主檔
K22225593FA,新北市私立悅嘉幼兒園,新北市,板橋區,私立,獨立幼兒園,雙十路二段149號2樓,(02)82586747,www.yueh-chia.idv.tw,74,,,,,無,官方主檔
KD9D74AC367,新北市私立悅欣幼兒園,新北市,板橋區,私立,獨立幼兒園,東門街30之2號1樓之60、61、62、63,(02)29602160,,42,,,,,無,官方主檔
K40760EBB94,新北市私立悅淨幼兒園,新北市,板橋區,私立,獨立幼兒園,東門街30之2號1樓之66、67、68、69,(02)89681060,,32,,,,,無,官方主檔
KCCE18FEAAD,新北市私立愛唯兒幼兒園,新北市,板橋區,私立,獨立幼兒園,大同街50巷18號1、2、3樓,(02)82512888,http://www.lovewill.com.tw,180,,,,,無,官方主檔
KD5D2B67D50,新北市私立愛森堡幼兒園,新北市,板橋區,私立,獨立幼兒園,永豐街59號1樓、2樓及3樓,(02)29638510,,75,,,,,無,官方主檔
K5F8A5D67F9,新北市私立愷僑幼兒園,新北市,板橋區,私立,獨立幼兒園,重慶路207號1樓及2樓,(02)29614011,,39,,,,,有，人數：10,官方主檔
K701701A723,新北市私立慈惠幼兒園,新北市,板橋區,私立,獨立幼兒園,民權路202巷22號1樓,(02)29651688,apple36.com.tw/tzu.hui,60,,,,,無,官方主檔
K09D5E8D9DE,新北市私立慧晟幼兒園,新北市,板橋區,私立,獨立幼兒園,永豐街123號1樓、123之1號2樓及123之2號3樓,(02)29513571,,45,,,,,無,官方主檔
K63C3AB5C22,新北市私立文堡幼兒園,新北市,板橋區,私立,獨立幼兒園,永豐街122號1樓、120巷1號1樓、120巷3號1樓及120巷5號1樓、2樓、3樓,(02)29632550,http://cok.urb.com.tw,170,,,,,無,官方主檔
K7D1B0B1AF5,新北市私立文聖幼兒園,新北市,板橋區,私立,獨立幼兒園,雙十路3段10巷1弄8號1樓,(02)82584958,,45,,,,,無,官方主檔
K3838815355,新北市私立新雙成幼兒園,新北市,板橋區,私立,獨立幼兒園,萬板路190號1樓及1樓之1,(02)22575107,,50,,,,,無,官方主檔
K5D5E659C71,新北市私立晨暘幼兒園,新北市,板橋區,私立,獨立幼兒園,文化路一段270巷3弄3、5、7、9號1、2樓,(02)22587399,,140,,,,,無,官方主檔
KE196F03BC1,新北市私立智翔幼兒園,新北市,板橋區,私立,獨立幼兒園,陽明街134號及136號1樓、2樓,(02)22596441,,50,,,,,無,官方主檔
KB412F4F4C0,新北市私立板橋大華幼兒園,新北市,板橋區,私立,獨立幼兒園,三民路一段1巷24號、26號及32號,(02)29589140,www.early.com.tw,60,,,,,無,官方主檔
KFD345B0A8C,新北市私立板橋天翔幼兒園,新北市,板橋區,私立,獨立幼兒園,南雅西路二段253之1號1樓及2樓,(02)29664630,http://tianshiang2.urb.com.tw/,60,,,,,無,官方主檔
KCE35B0B096,新北市私立板橋育安幼兒園,新北市,板橋區,私立,獨立幼兒園,文化路二段548巷29號1樓及2樓,(02)22553493,,54,,,,,無,官方主檔
KC7A0D2EF20,新北市私立欣勵德幼兒園,新北市,板橋區,私立,獨立幼兒園,篤行路二段161巷18號1樓,(02)26878741,,28,,,,,無,官方主檔
KFB1CE048B3,新北市私立正隆幼兒園,新北市,板橋區,私立,獨立幼兒園,三民路二段204之17號及204之18號1樓,(02)29594837,,50,,,,,無,官方主檔
KD13A594516,新北市私立永錡板橋幼兒園,新北市,板橋區,私立,獨立幼兒園,金門街358巷14號1樓、358巷16號1樓及2樓、372巷32號1樓及2樓、372巷34號1樓及2樓,(02)26758622,,135,,,,,無,官方主檔
K409F5EAFB6,新北市私立江翠幼兒園,新北市,板橋區,私立,獨立幼兒園,宏國路78號及80號1樓,(02)22565100,htt://yoyokids.ebc.net.tw/kidsMaster.htm?kd=ETY092,100,,,,,無,官方主檔
K0083870ACC,新北市私立溫馨幼兒園,新北市,板橋區,私立,獨立幼兒園,裕民街128巷3號1樓及夾層、5號1樓及夾層,(02)22574311,,60,,,,,無,官方主檔
K32F807E0CE,新北市私立漂亮寶貝幼兒園,新北市,板橋區,私立,獨立幼兒園,金門街215巷21號、25號及29號,(02)26876767,,77,,,,,無,官方主檔
K459294B211,新北市私立漢東幼兒園,新北市,板橋區,私立,獨立幼兒園,漢生東路175號1樓及2樓,(02)89521219,,130,,,,,無,官方主檔
KD1D3498C70,新北市私立漢林堡幼兒園,新北市,板橋區,私立,獨立幼兒園,光正街12-1號,(02)29683688,hlb.pckids.com.tw,34,,,,,無,官方主檔
K434D732839,新北市私立班尼迪克幼兒園,新北市,板橋區,私立,獨立幼兒園,重慶路245巷15號1樓、2樓及3樓,(02)89520738,http://www.beneschool.com.tw,60,,,,,無,官方主檔
K2B23DBDC56,新北市私立生活村幼兒園,新北市,板橋區,私立,獨立幼兒園,漢生東路350號地下1層、2樓及3樓,(02)29646599,,50,,,,,無,官方主檔
K2CE8DF3544,新北市私立田園幼兒園,新北市,板橋區,私立,獨立幼兒園,信義路279巷19-2號、19-3號,(02)29542929,,60,,,,,無,官方主檔
KC3B4905E61,新北市私立發現小熊森林幼兒園,新北市,板橋區,私立,獨立幼兒園,文化路二段182巷1弄12號3樓之1,(02)22548040,,29,,,,,無,官方主檔
K267F86BC8A,新北市私立皇家貴族幼兒園,新北市,板橋區,私立,獨立幼兒園,金門街215巷10號、14號,(02)86871357,,52,,,,,無,官方主檔
K9680AFE6E1,新北市私立福音幼兒園,新北市,板橋區,私立,獨立幼兒園,民族路8號2樓,(02)29518767,,60,,,,,,官方主檔
K9400C944E3,新北市私立科見板橋幼兒園,新北市,板橋區,私立,獨立幼兒園,中山路一段69號2樓及3樓,(02)89517548,,138,,,,,無,官方主檔
K616235F5A0,新北市私立立信幼兒園,新北市,板橋區,私立,獨立幼兒園,國泰街75巷49、51、53號1樓,(02)29527172,,57,,,,,有，人數：19,官方主檔
KD681F17D65,新北市私立立聖幼兒園,新北市,板橋區,私立,獨立幼兒園,中正路230號1、2、3樓,(02)89698680,listen.kin@gmaiI.com,120,,,,,無,官方主檔
KE488643585,新北市私立童心幼兒園,新北市,板橋區,私立,獨立幼兒園,文化路一段188巷30號1樓,(02)22590779,,41,,,,,有，人數：3,官方主檔
KB67C7A251E,新北市私立童苑幼兒園,新北市,板橋區,私立,獨立幼兒園,南雅南路二段144巷57號1、2樓,(02)89666002,ton-yuan.topschool.tw/,38,,,,,無,官方主檔
K77838E0E97,新北市私立精緻之家幼兒園,新北市,板橋區,私立,獨立幼兒園,重慶路91巷12號及14號1樓、2樓,(02)29598787,http://www.cycschool.com.tw,34,,,,,無,官方主檔
K10268A722C,新北市私立緹家寶幼兒園,新北市,板橋區,私立,獨立幼兒園,新海路416號1、2、3樓,(02)22512872,tjb.kidz.com.tw,68,,,,,有，人數：8,官方主檔
KD92D8C5A2A,新北市私立聖路易幼兒園,新北市,板橋區,私立,獨立幼兒園,南雅南路二段156號1樓、144巷5號1樓、144巷7號1樓、144巷3號2樓之3、144巷3號2樓之4,(02)89666917,http://stlouis.topschool.com.tw/,94,,,,,無,官方主檔
KC96336634F,新北市私立育太幼兒園,新北市,板橋區,私立,獨立幼兒園,重慶路223巷7號1樓、2樓及3樓,(02)89538511,yutaikindergarten.weebly.com,178,,,,,無,官方主檔
KB1C063FA70,新北市私立育樂幼兒園,新北市,板橋區,私立,獨立幼兒園,民權路260巷1弄14、16號1樓,(02)29653936,,90,,,,,無,官方主檔
K464DD7BAD8,新北市私立育群幼兒園,新北市,板橋區,私立,獨立幼兒園,金華街10巷102號及10巷104號1樓,(02)29683289,yu-chin.blogkids.net,66,,,,,無,官方主檔
K2F73C882A1,新北市私立致理幼兒園,新北市,板橋區,私立,獨立幼兒園,介壽街80號,(02)22573270#28,,56,,,,,無,官方主檔
K307023BF4D,新北市私立興名陽幼兒園,新北市,板橋區,私立,獨立幼兒園,僑中二街102巷37號1樓及2樓,(02)29606016,,66,,,,,無,官方主檔
K49649583B4,新北市私立艾法薇爾幼兒園,新北市,板橋區,私立,獨立幼兒園,雙十路二段85號1樓及87號1樓、87號2樓,(02)82511545,,218,,,,,無,官方主檔
KBA8AF40594,新北市私立艾法貝爾幼兒園,新北市,板橋區,私立,獨立幼兒園,區運路43號,(02)29588860,,120,,,,,無,官方主檔
K39DE4E2A11,新北市私立艾維恩四維幼兒園,新北市,板橋區,私立,獨立幼兒園,四維路257號2樓,(02)82586899,,61,,,,,有，人數：11,官方主檔
K6F72C9C8E1,新北市私立芯宇幼兒園,新北市,板橋區,私立,獨立幼兒園,篤行路三段玉平巷101號1樓,(02)26758864,,40,,,,,無,官方主檔
K07FE0DFFD8,新北市私立若仁幼兒園,新北市,板橋區,私立,獨立幼兒園,莊敬路46號3樓,(02)22576817,http://ruoren.topschool.com.tw,270,,,,,無,官方主檔
KF579600166,新北市私立茁壯園板橋幼兒園,新北市,板橋區,私立,獨立幼兒園,民族路87號2樓,(02)29515202,,50,,,,,無,官方主檔
K02579FF971,新北市私立莒光幼兒園,新北市,板橋區,私立,獨立幼兒園,松江街60巷9號及11號1樓,(02)22522821,,53,,,,,無,官方主檔
KEF70F30B6A,新北市私立菩提幼兒園,新北市,板橋區,私立,獨立幼兒園,金門街251號1樓及2樓,(02)26842525,,49,,,,,無,官方主檔
K2565003580,新北市私立菲蒙思幼兒園,新北市,板橋區,私立,獨立幼兒園,國慶路126巷1號及3號1樓,(02)29564720,,32,,,,,無,官方主檔
K8A6C80DB91,新北市私立葳肯幼兒園,新北市,板橋區,私立,獨立幼兒園,中正路213號2樓,(02)22728080,,37,,,,,無,官方主檔
KAC7623D6EE,新北市私立薇吉妮亞幼兒園,新北市,板橋區,私立,獨立幼兒園,和平路6巷1號1至3樓,(02)29649377,新北市板橋區和平路6巷1號,97,,,,,無,官方主檔
K42ED90D2AC,新北市私立藍天幼兒園,新北市,板橋區,私立,獨立幼兒園,金門街369巷57弄19、21、23、25號1樓,(02)26855172,,77,,,,,無,官方主檔
KE3D47E4A5F,新北市私立蘇格拉底幼兒園,新北市,板橋區,私立,獨立幼兒園,莒光路211號2、3樓,(02)82585511,,100,,,,,無,官方主檔
KEF465F386C,新北市私立諾亞幼兒園,新北市,板橋區,私立,獨立幼兒園,中正路162號2樓及建國街1號1樓、夾層及2樓,(02)29672384,noah29672384@yahoo.com.tw,81,,,,,無,官方主檔
KCDB1C9AD5C,新北市私立道安幼兒園,新北市,板橋區,私立,獨立幼兒園,大明街15巷15、17、19號1樓及15巷15號2樓、15巷17之1號2樓、15巷19之1號2樓,(02)29520475,,70,,,,,無,官方主檔
KF077B0B9E0,新北市私立遠東幼兒園,新北市,板橋區,私立,獨立幼兒園,成功路33號1樓,(02)29541784,,37,,,,,無,官方主檔
K3AB6B5DE76,新北市私立雅森幼兒園,新北市,板橋區,私立,獨立幼兒園,英士路39號2樓,(02)22589338,,80,,,,,無,官方主檔
KD3BFAADB94,新北市私立雙成幼兒園,新北市,板橋區,私立,獨立幼兒園,縣民大道三段133巷22號1樓,(02)22535056,http：//shanchen.pckids.com.tw/,40,,,,,無,官方主檔
K3052C2820B,新北市私立雨農幼兒園,新北市,板橋區,私立,獨立幼兒園,雨農路27巷2號2樓,(02)22519395,,168,,,,,無,官方主檔
K6A867D1257,新北市私立靜立幼兒園,新北市,板橋區,私立,獨立幼兒園,四維路289巷38號、40號及42號,(02)22568628,,41,,,,,無,官方主檔
K51932066C9,新北市私立鴻園幼兒園,新北市,板橋區,私立,獨立幼兒園,長安街331巷77、79號1、2樓,(02)66375979,,50,,,,,無,官方主檔
K900768BA2B,新北市私立鹿兒堡幼兒園,新北市,板橋區,私立,獨立幼兒園,重慶路269巷18號1樓,(02)29648439,,35,,,,,無,官方主檔
K421A87AD6B,新北市立忠孝國民中學附設幼兒園,新北市,板橋區,公立,國中附設幼兒園,重慶路168號,(02)29631350#601,https://reurl.cc/aE448l,120,,,,,無,官方主檔
KFA38645368,新北市立新埔國民中學附設幼兒園,新北市,板橋區,公立,國中附設幼兒園,新海路181號,(02)22572275#288,https://www.hpjh.ntpc.edu.tw/,240,,,,,無,官方主檔
KDE97DCCEFF,新北市立板橋幼兒園,新北市,板橋區,公立,獨立幼兒園,中正路375巷48號,02-29682497,https://29688299.blogspot.com/,126,,,,,無,官方主檔
K1287B21A87,新北市立板橋幼兒園和平分班,新北市,板橋區,公立,獨立幼兒園,重慶路355號,02-29646945,,93,,,,,無,官方主檔
K0998CD9003,新北市立板橋幼兒園新民分班,新北市,板橋區,公立,獨立幼兒園,懷德街235巷2號,(02)22558468,,93,,,,,無,官方主檔
K96492F8FC3,新北市立江翠國民中學附設幼兒園,新北市,板橋區,公立,國中附設幼兒園,松江街63-2號,(02)22518007#280,http://www.ctjh.ntpc.edu.tw,210,,,,,無,官方主檔
K3C2BF4AB40,新北市立溪崑國民中學附設幼兒園,新北市,板橋區,公立,國中附設幼兒園,大觀路三段50巷30號,(02)26869727#500,http://www.ckjhs.ntpc.edu.tw/,136,,,,,無,官方主檔
K9A15397C62,新北市立重慶國民中學附設幼兒園,新北市,板橋區,公立,國中附設幼兒園,國慶路221號,(02)29543001#602,http://tw.class.uschoolnet.com/class/?csid=css000000160567,180,,,,,無,官方主檔
KBD1D2CF7BD,新北市翠中非營利幼兒園(委託財團法人三之三生命教育基金會辦理),新北市,板橋區,非營利,獨立幼兒園,松江街63號,(02)22550302,http://www.3-3life.org.tw/index.php?m=Yzy&a=sList&eId=84&sId=1,90,82,11,8,,無,官方主檔＋決算報告
KFF6D219D9A,財團法人台北市中華基督教青年會附設新北市私立板新幼兒園,新北市,板橋區,私立,法人公司附設幼兒園,板新路27號1、2、3樓,(02)29637400,新北市板橋區板新路27號1~3樓,94,,,,,無,官方主檔
K31951E7267,財團法人新北市大觀書社附設新北市私立大觀幼兒園,新北市,板橋區,私立,法人公司附設幼兒園,西門街5號,(02)29685028,,360,,,,,無,官方主檔
K8EB02CC372,陽光森林文教股份有限公司臺北縣分公司附設新北市私立陽光小子幼兒園,新北市,板橋區,私立,法人公司附設幼兒園,三民路二段215號1、2樓,(02)29555576,,62,,,,,無,官方主檔
K8DB33B017D,台電公司林口發電廠職場互助教保服務中心(委託社團法人台灣公共托育協會辦理),新北市,林口區,私立,職場互助教保服務中心,台電新村5號,(02)26011506,,40,,,,,無,官方主檔
KD5B759CDB2,嘉聲文教事業股份有限公司附設新北市私立佳呈幼兒園,新北市,林口區,私立,法人公司附設幼兒園,文化三路2段257號1、2、3樓,(02)26030188,,104,,,,,無,官方主檔
K38AF933432,嘉聲文教事業股份有限公司附設新北市私立嘉聲幼兒園,新北市,林口區,私立,法人公司附設幼兒園,三民路111號,(02)26002123,,121,,,,,無,官方主檔
KFF68330EB1,奇異林股份有限公司附設新北市私立奇異鳥麗林幼兒園,新北市,林口區,私立,法人公司附設幼兒園,公園路138號1樓、2樓、2樓之1,(02)26008800,,65,,,,,無,官方主檔
K506842339C,新北市佳林非營利幼兒園(委託社團法人臺灣兒童教育發展協會辦理),新北市,林口區,非營利,獨立幼兒園,中山路268號,(02)26010233,,90,76,10,8,,無,官方主檔＋決算報告
KF3442B4BCB,新北市文仁非營利幼兒園(委託社團法人臺灣兒童教育發展協會辦理),新北市,林口區,非營利,獨立幼兒園,民治路3號、3之1號、3之2號、3之3號、3之5號,(02)26010137,,90,80,10,7,,無,官方主檔＋決算報告
KEF0B2D1C01,新北市文創非營利幼兒園(委託財團法人三之三生命教育基金會辦理),新北市,林口區,非營利,獨立幼兒園,文化一路一段201號、201-1號、201-2號、201-3號,(02)26013380,,90,71,11,8,,無,官方主檔＋決算報告
K04C4165414,新北市新林非營利幼兒園(委託明新學校財團法人明新科技大學辦理),新北市,林口區,非營利,獨立幼兒園,三民路101號1樓,(02)26099522,,136,,,,,無,官方主檔
K39DA25503E,新北市東湖非營利幼兒園(委託社團法人新北市巧湖溫馨關懷發展協會辦理),新北市,林口區,非營利,獨立幼兒園,四維路201號1樓,(02)26010201,,242,228,29,21,,無,官方主檔＋決算報告
K6F5776BABE,新北市林口區南勢國民小學附設幼兒園,新北市,林口區,公立,國小附設幼兒園,南勢五街2號,(02)26091020#711,https://www.nses.ntpc.edu.tw/,60,,,,,無,官方主檔
K750208392A,新北市林口區嘉寶國民小學附設幼兒園,新北市,林口區,公立,國小附設幼兒園,嘉寶里22號,(02)26052716#860,https://www.jbes.ntpc.edu.tw/,30,,,,,無,官方主檔
K01EFF4C05F,新北市林口區林口國民小學附設幼兒園,新北市,林口區,公立,國小附設幼兒園,林口路76號,(02)26011010#875,http://www.lkes.ntpc.edu.tw/,152,,,,,無,官方主檔
K7539AC09C7,新北市林口區瑞平國民小學附設幼兒園,新北市,林口區,公立,國小附設幼兒園,後坑34之1號,(02)26051170,http://163.20.56.2/~kid/,30,,,,,無,官方主檔
K11FA411EBA,新北市林口區興福國民小學附設幼兒園,新北市,林口區,公立,國小附設幼兒園,10之1號,(02)26062895#300,http://www.hfps.ntpc.edu.tw/,30,,,,,無,官方主檔
K78BEA1F60F,新北市林口區頭湖國民小學附設幼兒園,新北市,林口區,公立,國小附設幼兒園,民權路101號,(02)26080766#860,https://www.thes.ntpc.edu.tw/p/426-1000-20.php,90,,,,,無,官方主檔
K555E5EA171,新北市林口區麗園國民小學附設幼兒園,新北市,林口區,公立,國小附設幼兒園,忠孝路591號,(02)26091061#772,www.lyaes.tpc.edu.tw,106,,,,,無,官方主檔
K88F35BA084,新北市林口區麗林國民小學附設幼兒園,新北市,林口區,公立,國小附設幼兒園,公園路46號,(02)26091520,http://tw.class.uschoolnet.com/class/?csid=css000000005957,90,,,,,無,官方主檔
KAD5C7E805C,新北市私立勁寶兒林口幼兒園,新北市,林口區,私立,獨立幼兒園,隆林街101巷2號1、2、3樓,(02)26013666,,120,,,,,無,官方主檔
KEA0E08FDFA,新北市私立千愛幼兒園,新北市,林口區,私立,獨立幼兒園,忠孝路646巷9號1樓及9之1號,(02)26007765,http://blog.xuite.net/bowjinn7765/blog,190,,,,,無,官方主檔
KAE10F8FFF8,新北市私立南蒂亞新林幼兒園,新北市,林口區,私立,獨立幼兒園,三民路73號1樓,(02)26088711,,15,,,,,無,官方主檔
KCB08E82A3A,新北市私立吉而堡幼兒園,新北市,林口區,私立,獨立幼兒園,中北三街56號1、2、3樓,(02)26021076,新北市林口區中北三街56號,171,,,,,有，人數：13,官方主檔
KEAB1E9C80C,新北市私立嘉傑幼兒園,新北市,林口區,私立,獨立幼兒園,文化一路一段23號1至3樓,(02)26091546,,270,,,,,無,官方主檔
KCA502A6800,新北市私立夏哲森幼兒園,新北市,林口區,私立,獨立幼兒園,忠孝路95號,(02)26068936,,180,,,,,無,官方主檔
K59EBAB37A9,新北市私立小木屋蒙特梭利幼兒園,新北市,林口區,私立,獨立幼兒園,民族路9號1樓,(02)26080828,,136,,,,,無,官方主檔
K9993959B7F,新北市私立微笑幼兒園,新北市,林口區,私立,獨立幼兒園,八德路18號1、2樓,(02)26095510,www.smilekg.com.tw,95,,,,,無,官方主檔
KE9C469A421,新北市私立心兒園幼兒園,新北市,林口區,私立,獨立幼兒園,八德路48巷37號1、2、3樓,(02)26095169,lovelygarden5169@gmail.com,70,,,,,無,官方主檔
KBE6DC388E1,新北市私立心萬美幼兒園,新北市,林口區,私立,獨立幼兒園,文化一路二段169號,(02)26028185,,76,,,,,無,官方主檔
KD89030040E,新北市私立心語仁愛幼兒園,新北市,林口區,私立,獨立幼兒園,仁愛路二段596號1、2樓,(02)26025199#10,,120,,,,,無,官方主檔
KB9ED059B87,新北市私立心語幼兒園,新北市,林口區,私立,獨立幼兒園,竹林路53巷11號1樓,(02)26024858,,60,,,,,無,官方主檔
K552C9632A2,新北市私立心辰幼兒園,新北市,林口區,私立,獨立幼兒園,竹林路326巷12號1、2樓,(02)26014153,新北市林口區竹林路326巷12號,38,,,,,無,官方主檔
K484256B78D,新北市私立愛林城堡幼兒園,新北市,林口區,私立,獨立幼兒園,公園路45號1、2、3樓,(02)26087789,,176,,,,,無,官方主檔
KDB26FCE7AE,新北市私立愛林幼兒園,新北市,林口區,私立,獨立幼兒園,公園路42號,(02)26009962,,60,,,,,無,官方主檔
KB47532D2E0,新北市私立愛霖幼兒園,新北市,林口區,私立,獨立幼兒園,公園路40號1、2樓,(02)26099139,,126,,,,,無,官方主檔
K8346A853A3,新北市私立文達幼兒園,新北市,林口區,私立,獨立幼兒園,中正路514巷4弄2號1、2樓,(02)26021688,,40,,,,,無,官方主檔
K49158CD908,新北市私立新林幼兒園,新北市,林口區,私立,獨立幼兒園,中北三街52號,(02)86018669,,127,,,,,無,官方主檔
KFAD8313E8A,新北市私立智盛幼兒園,新北市,林口區,私立,獨立幼兒園,文化1路1段120號(1層)、2、3樓,(02)26093235,,104,,,,,,官方主檔
K2BD6E433CE,新北市私立林口啟文幼兒園,新北市,林口區,私立,獨立幼兒園,忠孝路589巷5號1、2、3樓,(02)26092122,,180,,,,,有，人數：52,官方主檔
K794644202C,新北市私立林口愛丁堡幼兒園,新北市,林口區,私立,獨立幼兒園,中興街30號1、2樓,(02)26014082,,29,,,,,無,官方主檔
KB5F0328914,新北市私立溫德爾林口幼兒園,新北市,林口區,私立,獨立幼兒園,中正路518之1號,(02)26028181,,300,,,,,無,官方主檔
K64C1F66AB4,新北市私立福祿貝爾幼兒園,新北市,林口區,私立,獨立幼兒園,民權路110號1、2樓,(02)26086338,新北市林口區民權路110號,180,,,,,無,官方主檔
K8DC0CCEF93,新北市私立禾森幼兒園,新北市,林口區,私立,獨立幼兒園,文化北路一段46-5號、48號、48之1號,(02)26005760,,63,,,,,無,官方主檔
K455C3BBDB6,新北市私立翔祥幼兒園,新北市,林口區,私立,獨立幼兒園,麗園二街13巷2號1樓、夾層、2樓,(02)26092168,,84,,,,,無,官方主檔
KDA5DCB497A,新北市私立華邇街幼兒園,新北市,林口區,私立,獨立幼兒園,忠孝路542巷8之1號1樓,(02)26096005,,60,,,,,無,官方主檔
KB4D2BB1B2B,新北市私立華邇街感恩幼兒園,新北市,林口區,私立,獨立幼兒園,忠孝路542巷11弄10號,(02)26093346,,180,,,,,無,官方主檔
KDFFDD10EB0,新北市私立華邇街美善幼兒園,新北市,林口區,私立,獨立幼兒園,忠孝路542巷10弄5號,(02)26096005,,72,,,,,無,官方主檔
K7C907D0E51,新北市私立萊恩思幼兒園,新北市,林口區,私立,獨立幼兒園,文化二路一段260巷7號之4(1、2樓),(02)26085525,lions.offcial@gmail.com,60,,,,,無,官方主檔
K2C92A8DD8D,新北市私立萬美憶月幼兒園,新北市,林口區,私立,獨立幼兒園,文化一路2段175、177、179號1樓及夾層,(02)26022568,,90,,,,,無,官方主檔
KF3B9F30A99,新北市私立貝爾花園幼兒園,新北市,林口區,私立,獨立幼兒園,中山路416號,(02)26013833,,75,,,,,無,官方主檔
K84B7746870,新北市私立路亞幼兒園,新北市,林口區,私立,獨立幼兒園,文化北路一段498號1、2樓,(02)26001357,,210,,,,,無,官方主檔
K33F6BE1052,新北市立崇林國民中學附設幼兒園,新北市,林口區,公立,國中附設幼兒園,文化一路一段20號,(02)26095829#263,http://www.ttcjhs.ntpc.edu.tw/default.asp,90,,,,,無,官方主檔
K5ADE2A3A5B,新北市立林口幼兒園,新北市,林口區,公立,獨立幼兒園,文化一路1段142號、142之1號、142之2號、142之3號、142之5號、142之6號,(02)86018188,http://linkoupreschool.blogspot.com/,90,,,,,無,官方主檔
K9B5C644F93,新北市立林口幼兒園忠孝分班,新北市,林口區,公立,獨立幼兒園,忠孝路569巷17號1樓,(02)26009689,http://linkoupreschool.blogspot.com/,60,,,,,無,官方主檔
K058DD5FD9D,新北市立林口幼兒園文化分班,新北市,林口區,公立,獨立幼兒園,文化北路一段425號,(02)26001891,http://linkoupreschool.blogspot.com/,46,,,,,無,官方主檔
K56F950CF54,新北市立林口幼兒園湖北分班,新北市,林口區,公立,獨立幼兒園,後湖17-6號1樓,(02)26019385,http://linkoupreschool.blogspot.com/,30,,,,,無,官方主檔
KBEC7666275,新北市菁湖非營利幼兒園(委託財團法人三之三生命教育基金會辦理),新北市,林口區,非營利,獨立幼兒園,林口路70號,(02)26013695,http://3-3life.org.tw/index.php?m=Yzy&a=sList&eId=51&sId=1,106,95,13,10,,無,官方主檔＋決算報告
K918830B987,翰科教育股份有限公司附設新北市私立林口夏恩國際幼兒園,新北市,林口區,私立,法人公司附設幼兒園,東湖路25巷 9號1、2、3樓、11號3樓,(02)77519188,,394,,,,,無,官方主檔
KB5012E571D,財團法人華山愛德教育基金會附設新北市私立林口愛德幼兒園,新北市,林口區,私立,法人公司附設幼兒園,忠孝路542巷11弄2之5號1樓至3樓,(02)26002908,https://www.hsed.tw/,150,,,,,無,官方主檔
K1A83C83BFE,龍騰文化事業股份有限公司附設新北市私立林口康橋國際幼兒園,新北市,林口區,私立,法人公司附設幼兒園,興林一街91巷13號1樓,(02)26031588,,300,,,,,無,官方主檔
KEB155F3349,中華郵政公司樹林三多郵局職場互助教保服務中心(委託社團法人臺灣兒童教育發展協會辦理),新北市,樹林區,私立,職場互助教保服務中心,三福街70巷1號,(02)86882722,,40,,,,,無,官方主檔
KBDDA1A2637,新北市三多非營利幼兒園(委託社團法人中華巧耕多元教育發展協會辦理),新北市,樹林區,非營利,獨立幼兒園,三多路101號1樓,(02)86883352,,90,84,12,8,,無,官方主檔＋決算報告
KE64497C5B3,新北市桃子腳非營利幼兒園(委託財團法人三之三生命教育基金會辦理),新北市,樹林區,非營利,獨立幼兒園,學勤路555之1號,(02)26688249,,242,,,,,無,官方主檔＋決算報告
KC17C34F50D,新北市樹林區三多國民小學附設幼兒園,新北市,樹林區,公立,國小附設幼兒園,三福街52號,(02)26880698#160,https://www.sdes.ntpc.edu.tw/modules/tad_web/index.php?WebID=95,182,,,,,無,官方主檔
KD21C948D88,新北市樹林區大同國民小學附設幼兒園,新北市,樹林區,公立,國小附設幼兒園,大同街43號,(02)86865486#616,http://www.ttps.ntpc.edu.tw/,212,,,,,無,官方主檔
KF96D68CF7E,新北市樹林區山佳國民小學附設幼兒園,新北市,樹林區,公立,國小附設幼兒園,中山路三段5號,(02)26806673#866,https://blog.xuite.net/rainbow104/blog,136,,,,,無,官方主檔
KB36A3D671E,新北市樹林區彭福國民小學附設幼兒園,新北市,樹林區,公立,國小附設幼兒園,忠孝街30號,(02)86866589#106,https://sites.google.com/m90.pfps.ntpc.edu.tw/kindergarten//,226,,,,,無,官方主檔
KD4460A95D6,新北市樹林區文林國民小學附設幼兒園,新北市,樹林區,公立,國小附設幼兒園,千歲街59號,(02)26812625#880,https://sites.google.com/view/wenlinfuyou,182,,,,,無,官方主檔
K9F78AE6B05,新北市樹林區樹林國民小學附設幼兒園,新北市,樹林區,公立,國小附設幼兒園,育英街176號,(02)26812014#123,http://shulinkindergarten.blogspot.com/,120,,,,,無,官方主檔
KDDAE2199CF,新北市樹林區武林國民小學附設幼兒園,新北市,樹林區,公立,國小附設幼兒園,保安街二段151號,(02)26871152,http://web.wles.ntpc.edu.tw/school/kidergaden/,166,,,,,無,官方主檔
KAFB200F5AD,新北市樹林區育德國民小學附設幼兒園,新北市,樹林區,公立,國小附設幼兒園,佳園路一段34號,(02)26805557#140,http://163.20.84.7/,60,,,,,無,官方主檔
KAF302FF225,新北市樹林區育林國民小學附設幼兒園,新北市,樹林區,公立,國小附設幼兒園,復興路395號,(02)26832112#602,,60,,,,,無,官方主檔
K195335E228,新北市私立企鵝家族幼兒園,新北市,樹林區,私立,獨立幼兒園,"文化街22,24號1,2,3樓",(02)26853115,https://penguin168.com/,59,,,,,無,官方主檔
K0DAFCB91AC,新北市私立冠軍幼兒園,新北市,樹林區,私立,獨立幼兒園,忠愛街15號1樓,(02)26890676,,85,,,,,無,官方主檔
K01EC526C6E,新北市私立劍聲樹林幼兒園,新北市,樹林區,私立,獨立幼兒園,三福街47巷16、18、20、22號1樓,(02)26881538,http://www.jskid.com.tw,90,,,,,無,官方主檔
K593E62520A,新北市私立北大迦美幼兒園,新北市,樹林區,私立,獨立幼兒園,大成路365號,(02)26800301,,40,,,,,,官方主檔
KA31CEFB411,新北市私立博智幼兒園,新北市,樹林區,私立,獨立幼兒園,鎮前街367巷5號、5-1號、5-2號,(02)86856059,bor3675@gmail.com,30,,,,,無,官方主檔
KFC78531D74,新北市私立名人幼兒園,新北市,樹林區,私立,獨立幼兒園,國凱街136巷48號1樓,(02)86869696,,90,,,,,無,官方主檔
KDAFE3CD73F,新北市私立名欣幼兒園,新北市,樹林區,私立,獨立幼兒園,俊英街238之6號1樓,(02)26841206,,199,,,,,無,官方主檔
K6B1C1FF633,新北市私立喬中幼兒園,新北市,樹林區,私立,獨立幼兒園,復興路198號2樓,(02)26752955,,116,,,,,有，人數：36,官方主檔
K40A9FEF036,新北市私立奇異鳥米蘭幼兒園,新北市,樹林區,私立,獨立幼兒園,長壽街15之5號2樓、15之6號1樓、15之7號1、2樓,(02)26824949,,86,,,,,無,官方主檔
K9F2F04A0DB,新北市私立富雅幼兒園,新北市,樹林區,私立,獨立幼兒園,地政街17號1、2、3樓,(02)26689689,www.hoyakids.com.tw,190,,,,,無,官方主檔
K0026952B59,新北市私立建丞幼兒園,新北市,樹林區,私立,獨立幼兒園,三寶街6號1~2樓、8號1~2樓,(02)26888993,http://jc.blogkids.net/,110,,,,,無,官方主檔
K09520CE0EE,新北市私立快樂地幼兒園,新北市,樹林區,私立,獨立幼兒園,八德街118號1、2、3樓及120號1樓,(02)86858888,,81,,,,,無,官方主檔
K108385E21E,新北市私立文林幼兒園,新北市,樹林區,私立,獨立幼兒園,千歲街46巷12、14號1樓,(02)26811737,,60,,,,,無,官方主檔
KE40A4B905E,新北市私立柏克萊幼兒園,新北市,樹林區,私立,獨立幼兒園,東陽街59號1樓,(02)86850078,,150,,,,,無,官方主檔
KDB2DA3D359,新北市私立樹林育林幼兒園,新北市,樹林區,私立,獨立幼兒園,文化街28號1、2樓,(02)26751695,,105,,,,,無,官方主檔
K4E9A9841F1,新北市私立澄品幼兒園,新北市,樹林區,私立,獨立幼兒園,仁愛街12巷4、6號1~2樓,(02)86857862,,80,,,,,無,官方主檔
K85472E1C20,新北市私立珈和幼兒園,新北市,樹林區,私立,獨立幼兒園,學勤路203號1、2、3樓,(02)26687318,,135,,,,,無,官方主檔
K1FFBB8D8FE,新北市私立福祿貝爾大有幼兒園,新北市,樹林區,私立,獨立幼兒園,大有路36號1、2、3樓,(02)26803456,https://frobeledu.topschool.tw/Home/Main,452,,,,,無,官方主檔
K239DA25165,新北市私立立群幼兒園,新北市,樹林區,私立,獨立幼兒園,千歲街106號及108號1、2樓,(02)26862021,lichiun6868@yahoo.com.tw,73,,,,,無,官方主檔
K718EC1DEB8,新北市私立育全保安幼兒園,新北市,樹林區,私立,獨立幼兒園,"保安街一段345號1,2,3樓",(02)26878181,http://ycks07.topschool.com.tw,456,,,,,有，人數：60,官方主檔
KDD8E871C50,新北市私立育安園幼兒園,新北市,樹林區,私立,獨立幼兒園,中華路12巷13號1樓,(02)86842598,,160,,,,,無,官方主檔
KDCFE384C5C,新北市私立育安幼兒園,新北市,樹林區,私立,獨立幼兒園,中華路12巷11號,(02)86843058,,60,,,,,無,官方主檔
KD7851CEE7A,新北市私立艾維恩幼兒園,新北市,樹林區,私立,獨立幼兒園,大成路373號1、2、3樓,(02)26683135,,42,,,,,無,官方主檔
K7E0AD5160E,新北市私立迴龍幼兒園,新北市,樹林區,私立,獨立幼兒園,三俊街35號1樓,(02)26891721,,60,,,,,無,官方主檔
K6FB4ACD020,新北市私立鑫立群幼兒園,新北市,樹林區,私立,獨立幼兒園,千歲街104巷18.22號,(02)26862021,http://lichiun6868@yahoo.com.tw,60,,,,,無,官方主檔
KD0533A6CEE,新北市私立雅立福幼兒園,新北市,樹林區,私立,獨立幼兒園,"三福街85巷2-1號,2-2號1樓",(02)26885123,,57,,,,,無,官方主檔
K59BAB17602,新北市立柑園國民中學附設幼兒園,新北市,樹林區,公立,國中附設幼兒園,柑園街2段125號,(02)26801958#101,http://www.gyjh.ntpc.edu.tw/default.asp,60,,,,,無,官方主檔
K4239C14539,新北市立樹林幼兒園,新北市,樹林區,公立,獨立幼兒園,文化街15號,(02)26838354,http://daycare.ntpc.edu.tw/web/shulin/,90,,,,,無,官方主檔
K333CF21348,新北市立樹林幼兒園圳安分班,新北市,樹林區,公立,獨立幼兒園,俊英街98之1號,(02)26837375,http://www.daycare-shulin.ntpc.gov.tw/web/Home?command=display&page=flash,30,,,,,無,官方主檔
K920E64E440,新北市立樹林幼兒園山佳分班,新北市,樹林區,公立,獨立幼兒園,中山路三段40號,(02)26805142,http://www.daycare-shulin.ntpc.gov.tw/web/Home?command=display&page=flash,50,,,,,無,官方主檔
KEAD5E60C46,新北市立樹林幼兒園彭厝分班,新北市,樹林區,公立,獨立幼兒園,太平路56巷43號,(02)86843370,http://www.daycare-shulin.ntpc.gov.tw/web/Home?command=display&page=flash,47,,,,,無,官方主檔
K6FD2D5D49E,財團法人天主教會台北教區附設新北市私立聖言幼兒園,新北市,樹林區,私立,法人公司附設幼兒園,中山路一段154號1樓至3樓,(02)26831610#108,http://www.kjftw.org.tw/school12/,195,,,,,無,官方主檔
K08DEE8FADF,財團法人新北市樹林基督長老教會附設新北市私立牧人幼兒園,新北市,樹林區,私立,法人公司附設幼兒園,中山路一段2號1、2、3樓,(02)26830838,http://www.muzen.org.tw/,150,,,,,無,官方主檔
K32520CCCA5,財團法人新北市私立張方大慈善事業基金會附設新北市私立士箱幼兒園,新北市,樹林區,私立,法人公司附設幼兒園,啟智街106號1-2樓,(02)26812812#11,,180,,,,,無,官方主檔
K27527E4C73,小太陽教育事業股份有限公司附設新北市私立小太陽美學幼兒園,新北市,永和區,私立,法人公司附設幼兒園,仁愛路282巷6號1樓、282巷10弄6號1樓,(02)86605678,http：//www.thesmallsun.com.tw,93,,,,,無,官方主檔
KFF5DB2E2EE,新北市永和區永和國民小學附設幼兒園,新北市,永和區,公立,國小附設幼兒園,秀朗路一段120號,(02)29213160#600,https://ntpcyhes601.blogspot.com/,226,,,,,無,官方主檔
K64A8FEC29D,新北市永和區永平國民小學附設幼兒園,新北市,永和區,公立,國小附設幼兒園,保生路25號,(02)89217496#701,https://sites.google.com/kidmail.ntpc.edu.tw/ypes,274,,,,,無,官方主檔
KB40ECDBC4A,新北市永和區秀朗國民小學附設幼兒園,新北市,永和區,公立,國小附設幼兒園,得和路202號,(02)29420451#5701,https://hleskid.blogspot.com/,300,,,,,無,官方主檔
K3BF64ABD66,新北市永和區網溪國民小學附設幼兒園,新北市,永和區,公立,國小附設幼兒園,竹林路79號,(02)89264470#850,http://www.whps.ntpc.edu.tw/default.asp,136,,,,,無,官方主檔
K6155EC452E,新北市永和區頂溪國民小學附設幼兒園,新北市,永和區,公立,國小附設幼兒園,文化路133號,(02)89790643#1107,http://www.thps.tpc.edu.tw/%7Ekinder/,180,,,,,無,官方主檔
K82A9EFD3BD,新北市私立七賢幼兒園,新北市,永和區,私立,獨立幼兒園,竹林路119巷10弄6號,(02)89277171,chi-hsieng.urb.com.tw,60,,,,,無,官方主檔
K91BEB603F6,新北市私立三暉幼兒園,新北市,永和區,私立,獨立幼兒園,永亨路115巷2號、4號1樓,(02)29220778,http://sunshinetaipei.myweb.hinet.net,120,,,,,無,官方主檔
KB681BDBFAE,新北市私立中中幼兒園,新北市,永和區,私立,獨立幼兒園,中山路一段191巷15弄8號、10號、12號,(02)29218093,,71,,,,,無,官方主檔
K47E84EE39D,新北市私立何嘉仁得和幼兒園,新北市,永和區,私立,獨立幼兒園,得和路273之2號1樓至3樓、273號2樓至3樓、273號2樓之1、273號3樓之1,(02)89233666,,408,,,,,無,官方主檔
K57DA727AE5,新北市私立佳樂幼兒園,新北市,永和區,私立,獨立幼兒園,福和路95號1樓至2樓,(02)29210336,,92,,,,,無,官方主檔
K9FC757ADA1,新北市私立傳動幼兒園,新北市,永和區,私立,獨立幼兒園,中正路344號1樓、2樓,(02)89231566,,30,,,,,無,官方主檔
K32906DB5F6,新北市私立卡兒堡幼兒園,新北市,永和區,私立,獨立幼兒園,信義路17巷24號1樓,(02)29210808,,30,,,,,無,官方主檔
K33C9FF96AB,新北市私立合安幼兒園,新北市,永和區,私立,獨立幼兒園,民樂街59巷15號,(02)32334171,,30,,,,,無,官方主檔
K08D857233C,新北市私立喬合幼兒園,新北市,永和區,私立,獨立幼兒園,成功路一段93巷13弄39號1樓至2樓,(02)29214668,,45,,,,,無,官方主檔
KC3F4793BD9,新北市私立喬幼國際幼兒園,新北市,永和區,私立,獨立幼兒園,中和路435號1-2樓,(02-)29241528,http://www.papajordan.com.tw,45,,,,,無,官方主檔
K47F863DC77,新北市私立嘉樂幼兒園,新北市,永和區,私立,獨立幼兒園,中和路501巷17號,(02)29255484,http://www.chialepreschool.com.tw/,90,,,,,無,官方主檔
K9A6EA4B2D4,新北市私立培賢幼兒園,新北市,永和區,私立,獨立幼兒園,竹林路179巷25號1樓,(02)89285035,,62,,,,,無,官方主檔
K7C82FBC3D7,新北市私立奧爾仕幼兒園,新北市,永和區,私立,獨立幼兒園,保平路203巷2號1樓至2樓,(02)22314384,,150,,,,,無,官方主檔
K6C31AB6490,新北市私立安迪生幼兒園,新北市,永和區,私立,獨立幼兒園,永貞路228號1樓、2樓,(02)89217855,http://yoyokids.ebc.net.tw/yoyo/ETY164/,57,,,,,無,官方主檔
K2B8EA28183,新北市私立安迪芬幼兒園,新北市,永和區,私立,獨立幼兒園,信義路17巷9弄1號及3號1樓至2樓,(02)29278843,http://aunti-fenny.topschool.com.tw/,40,,,,,無,官方主檔
KD21645E29B,新北市私立宏幼幼兒園,新北市,永和區,私立,獨立幼兒園,豫溪街160巷3號1樓,(02)89282568,tw.myblog.yahoo.com/hongyou1206,40,,,,,無,官方主檔
KFAEC4B3469,新北市私立巧可麗幼兒園,新北市,永和區,私立,獨立幼兒園,竹林路30號之1及竹林路32巷6號,(02)89235111,,91,,,,,無,官方主檔
KBBFB15622F,新北市私立巧可麗雙和幼兒園,新北市,永和區,私立,獨立幼兒園,安樂路170號,(02)86605058,,62,,,,,無,官方主檔
K0C9693B265,新北市私立巨堡幼兒園,新北市,永和區,私立,獨立幼兒園,永寧街115巷1號及3號,(02)29208968,,45,,,,,無,官方主檔
K3A1753787A,新北市私立幼學館幼兒園,新北市,永和區,私立,獨立幼兒園,中正路259號1樓、2樓,(02)86601178,,155,,,,,無,官方主檔
KCBA9F1B433,新北市私立幼森幼兒園,新北市,永和區,私立,獨立幼兒園,永和路一段18巷2號1樓,(02)32338272,,60,,,,,無,官方主檔
KA5803E844E,新北市私立微笑太陽幼兒園,新北市,永和區,私立,獨立幼兒園,中和路305巷10弄1.3號,(02)29216210,home.kimo.com.tw/markedlily,60,,,,,無,官方主檔
K50876C4286,新北市私立快樂瑪麗安葳森幼兒園,新北市,永和區,私立,獨立幼兒園,竹林路176號3樓,(02)29290012,,68,,,,,無,官方主檔
K5AD9AB8E14,新北市私立文揚幼兒園,新北市,永和區,私立,獨立幼兒園,豫溪街162巷12號1、2樓,(02)89253102,,29,,,,,無,官方主檔
K430439D660,新北市私立新七賢幼兒園,新北市,永和區,私立,獨立幼兒園,竹林路39巷17號1樓、2樓,(02)89287109,,80,,,,,無,官方主檔
K970C10A5A4,新北市私立新佳美幼兒園,新北市,永和區,私立,獨立幼兒園,中正路412巷4弄8、10、12、14號,(02)29218644,http://www.jiamei.org.tw,120,,,,,無,官方主檔
KB67F7D4E82,新北市私立新惠幼幼兒園,新北市,永和區,私立,獨立幼兒園,保安路252巷2號1.2樓,(02)29209603,,60,,,,,無,官方主檔
KC92DF160F8,新北市私立新惠幼幼兒園保安分班,新北市,永和區,私立,獨立幼兒園,保安路252巷3號1樓,(02)29209603,,16,,,,,無,官方主檔
KDA0F6C4319,新北市私立新新幼兒園,新北市,永和區,私立,獨立幼兒園,保平路292巷36弄3、5號,(02)29270916,,80,,,,,無,官方主檔
K77A6887E1F,新北市私立比弗利幼兒園,新北市,永和區,私立,獨立幼兒園,中正路232號3樓、234號2、3樓,(02)29413876,,63,,,,,無,官方主檔
KE6EC2B651B,新北市私立民華幼兒園,新北市,永和區,私立,獨立幼兒園,"民有街6號1,2樓",(02)29489233,,49,,,,,無,官方主檔
K971CDDDF04,新北市私立永佳幼兒園,新北市,永和區,私立,獨立幼兒園,永平路218巷2號,(02)29283312,,52,,,,,無,官方主檔
KD503432620,新北市私立永達幼兒園,新北市,永和區,私立,獨立幼兒園,永貞路39巷9弄7號、9號,(02)29228387,http://www.yongda8387@gmail.com.tw,90,,,,,無,官方主檔
KBB94C16D0F,新北市私立淯馨幼兒園,新北市,永和區,私立,獨立幼兒園,秀朗路二段98號、100號,(02)32334373,https://www.yu-xin.net/,37,,,,,無,官方主檔
K1A6A9E7E81,新北市私立畝心屋沐和幼兒園,新北市,永和區,私立,獨立幼兒園,民權路53號3樓之1,(02)29491375,,80,,,,,無,官方主檔
KDBCE05450A,新北市私立秀明幼兒園,新北市,永和區,私立,獨立幼兒園,民權路1巷24號、26號,(02)29435335,,60,,,,,無,官方主檔
KC8A6E2B9B9,新北市私立翰尼永和幼兒園,新北市,永和區,私立,獨立幼兒園,永平路51號2樓,(02)89218252,,50,,,,,無,官方主檔
K7B5540129E,新北市私立育圃幼兒園,新北市,永和區,私立,獨立幼兒園,中和路483號2樓、2樓之1,(02)86606161,,50,,,,,無,官方主檔
KA08AA45639,新北市私立育苗幼兒園,新北市,永和區,私立,獨立幼兒園,林森路40巷6弄2號,(02)29273965,,50,,,,,無,官方主檔
KBC8913E076,新北市私立艾瑞克幼兒園,新北市,永和區,私立,獨立幼兒園,民權路37號1樓,(02)89413800,,49,,,,,無,官方主檔
K4C7EDEDE90,新北市私立荳荳幼兒園,新北市,永和區,私立,獨立幼兒園,得和路249-1號,(02)29239123,,34,,,,,無,官方主檔
K1A38AE9BCB,新北市私立藍天永和幼兒園,新北市,永和區,私立,獨立幼兒園,中和路375號3樓,(02)29268677,,89,,,,,無,官方主檔
KECA32F0D42,新北市私立親親幼兒園,新北市,永和區,私立,獨立幼兒園,永和路一段112號2樓,(02)29251974,,30,,,,,無,官方主檔
K643FA7CEDB,新北市私立野聲幼兒園,新北市,永和區,私立,獨立幼兒園,豫溪街74巷7弄2號1樓至3樓、4號1樓至3樓,(02)29242925,,128,,,,,無,官方主檔
K51354C14E5,新北市立永和幼兒園,新北市,永和區,公立,獨立幼兒園,民權路60號1樓至3樓,(02)29483199,https://preschool-yonghe.blogspot.com,200,,,,,無,官方主檔
K1092BBEA0E,新北市立永和幼兒園保生分班,新北市,永和區,公立,獨立幼兒園,新生路218號1樓、2樓,(02)29250276,https://preschool-yonghe.blogspot.com,81,,,,,無,官方主檔
K2A72542E10,新北市立永和幼兒園博愛分班,新北市,永和區,公立,獨立幼兒園,竹林路39巷35號1樓至3樓,(02)89252771,,60,,,,,無,官方主檔
K48B47ADDB0,新北市立永和幼兒園忠孝分班,新北市,永和區,公立,獨立幼兒園,忠孝街26巷8號1樓至2樓,(02)29249440,https://preschool-yonghe.blogspot.com,100,,,,,無,官方主檔
K9B31423088,新北市立永和幼兒園民生分班,新北市,永和區,公立,獨立幼兒園,安樂路431-1號2樓,(02)29254694,https://preschool-yonghe.blogspot.com,110,,,,,無,官方主檔
KEADA018A29,新北市立福和國民中學附設幼兒園,新北市,永和區,公立,國中附設幼兒園,永利路71號,(02)29289493#300,https://sites.google.com/view/fuhekid/首頁,60,,,,,無,官方主檔
KDD826D2227,新北市育平非營利幼兒園(委託財團法人彭婉如文教基金會辦理),新北市,永和區,非營利,獨立幼兒園,保生路25號1、2樓,(02)29267096,,106,94,13,10,,無,官方主檔＋決算報告
K32A205B742,育才學校財團法人新北市私立育才國民小學附設幼兒園,新北市,永和區,私立,國小附設幼兒園,福和路125巷20號,(02)29214630#310,https://www.ytes.ntpc.edu.tw/yutsai/ypreschool_p.html,120,,,,,無,官方主檔
K314A3AB402,財團法人新北市私立及人國民小學附設新北市私立幼兒園,新北市,永和區,私立,國小附設幼兒園,文化路172號,(02)29213804,www.cjps.ntpc.edu.tw,300,,,,,無,官方主檔
K3FFEB88992,財團法人新北市私立竹林國民小學附設幼兒園,新北市,永和區,私立,國小附設幼兒園,竹林路34號,(02)29252401,http://chulin.topschool.com.tw/,210,,,,,無,官方主檔
K8651E9B978,新北市汐止區保長國民小學附設幼兒園,新北市,汐止區,公立,國小附設幼兒園,大同路三段553號,(02)86482502#140,http://tw.myblog.yahoo.com/jw!iuHa.hWQExKy_gxxigAF,30,,,,,無,官方主檔
K59492C7164,新北市汐止區北峰國民小學附設幼兒園,新北市,汐止區,公立,國小附設幼兒園,環河街1號1、2樓,(02)26941817#270,https://ntpcsjbf.blogspot.com/,152,,,,,無,官方主檔
KA4EF53E6EC,新北市汐止區北港國民小學附設幼兒園,新北市,汐止區,公立,國小附設幼兒園,汐萬路二段279號,(02)26463107,http://www.bkes.tpc.edu.tw,30,,,,,無,官方主檔
K2548FA4D8F,新北市汐止區崇德國民小學附設幼兒園,新北市,汐止區,公立,國小附設幼兒園,茄苳路158號,(02)86482052#58,web.cdps.ntpc.edu.tw,106,,,,,無,官方主檔
K3CD0D6D018,新北市汐止區樟樹國民小學附設幼兒園,新北市,汐止區,公立,國小附設幼兒園,樟樹一路141巷2號,(02)26421407#3204,http://w3.tctes.tpc.edu.tw/kindgarten/,166,,,,,無,官方主檔
K10476584A3,新北市汐止區汐止國民小學附設幼兒園,新北市,汐止區,公立,國小附設幼兒園,大同路二段313號,(02)26477271#602,http://www.hjes.ntpc.edu.tw,90,,,,,無,官方主檔
KBAE4E2CCE2,新北市汐止區白雲國民小學附設幼兒園,新北市,汐止區,公立,國小附設幼兒園,民權街二段90號,(02)26403909#840,http://www.wretch.cc/blog/k100124,30,,,,,無,官方主檔
K0DC94E8C19,新北市汐止區秀峰國民小學附設幼兒園,新北市,汐止區,公立,國小附設幼兒園,仁愛路90號,(02)26480611#807,wam.sfps.tpc.edu.tw/~kindergarten/,150,,,,,無,官方主檔
K1701D39A76,新北市汐止區農會附設新北市私立汐農幼兒園,新北市,汐止區,私立,法人公司附設幼兒園,長江街39巷26號1樓、2樓,(02)26478899,https://hfa-garden.topschool.tw/Home/Main,360,,,,,無,官方主檔
KF5A218A809,新北市汐止區金龍國民小學附設幼兒園,新北市,汐止區,公立,國小附設幼兒園,明峰街201號,(02)26959941#270,http://014y.blogspot.com/,242,,,,,無,官方主檔
K47E55CD4AA,新北市汐止區長安國民小學附設幼兒園,新北市,汐止區,公立,國小附設幼兒園,長興街1段80號,(02)86480944#303,,136,,,,,無,官方主檔
K97F2B56158,新北市私立佳盈幼兒園,新北市,汐止區,私立,獨立幼兒園,汐止市莊敬街130號2樓,(02)26497438,,180,,,,,無,官方主檔
K78D4F71AEE,新北市私立向日葵幼兒園,新北市,汐止區,私立,獨立幼兒園,秀峰路89號1、2樓,(02)26415599,http://sunflower.topschool.com.tw,72,,,,,無,官方主檔
KA915FD0035,新北市私立君格綠園道幼兒園,新北市,汐止區,私立,獨立幼兒園,"樟樹二路330巷70號1樓,72號1樓,72-1號1~2樓,76號1~2樓",(02)26489242,www.jengo.com,92,,,,,無,官方主檔
K72ABFEE42F,新北市私立哈寶寶幼兒園,新北市,汐止區,私立,獨立幼兒園,建成路56巷27號2樓、2樓之1、2樓之2,(02)26416401,,97,,,,,無,官方主檔
K79C82B2A04,新北市私立唯爾幼兒園,新北市,汐止區,私立,獨立幼兒園,福德二路106號1、2樓及108號1、2樓,(02)86931428,http://well.52school.com.tw,50,,,,,無,官方主檔
K7A03AE1A47,新北市私立嘉維幼兒園,新北市,汐止區,私立,獨立幼兒園,新台五路2段102號1樓、98號2樓,(02)86915123,,76,,,,,無,官方主檔
K82E4DF03FC,新北市私立大愛幼兒園,新北市,汐止區,私立,獨立幼兒園,福德一路213巷29號、33號、35號1樓,(02)26925075,http://darai.blogkids.net/,37,,,,,無,官方主檔
KE025300CB2,新北市私立威頓皇家幼兒園,新北市,汐止區,私立,獨立幼兒園,仁愛路168號2樓之1及170號1、2樓、2樓之1,(02)26427077,,70,,,,,無,官方主檔
K13CCEDD312,新北市私立安格幼兒園,新北市,汐止區,私立,獨立幼兒園,"弘道街53巷8弄5號1樓,7號1樓",(02)26407791,,46,,,,,,官方主檔
KC732095819,新北市私立宏米優質幼兒園,新北市,汐止區,私立,獨立幼兒園,和平街10、18、20號1樓,(02)26434570,無,102,,,,,有，人數：12,官方主檔
K48D8205FF4,新北市私立崇幼幼兒園,新北市,汐止區,私立,獨立幼兒園,建成路28巷11號1樓、2樓,(02)26490578,,56,,,,,無,官方主檔
K4708110F39,新北市私立崴崴幼兒園,新北市,汐止區,私立,獨立幼兒園,建成路28巷31號1~3樓,(02)26470254~5,http://weiwei.topschool.com.tw,29,,,,,無,官方主檔
K3E08B2D34A,新北市私立幼煊幼兒園,新北市,汐止區,私立,獨立幼兒園,樟樹一路81號、83號1樓,(02)26429793,,30,,,,,無,官方主檔
K30F85DD335,新北市私立康大創藝幼兒園,新北市,汐止區,私立,獨立幼兒園,湖前街110巷97弄1、2號,(02)26908448,,117,,,,,無,官方主檔
K636239A1F9,新北市私立康大幼兒園,新北市,汐止區,私立,獨立幼兒園,福德一路86巷46號1樓、2樓,(02)26942855,,70,,,,,無,官方主檔
K7583A2E5D4,新北市私立康華幼兒園,新北市,汐止區,私立,獨立幼兒園,龍安路38號2樓之1、2、3、4,(02)26411166,,92,,,,,無,官方主檔
KEEB8A368B8,新北市私立恩佑幼兒園,新北市,汐止區,私立,獨立幼兒園,大同路二段196號3樓,(02)26495658,,53,,,,,無,官方主檔
KCE822E48F9,新北市私立惟柰米幼兒園,新北市,汐止區,私立,獨立幼兒園,新台五路1段82號2樓,(02)26964888,,180,,,,,無,官方主檔
KA6715F3680,新北市私立愛樂幼兒園,新北市,汐止區,私立,獨立幼兒園,汐止市民族三街1號1樓,(02)26925098,,35,,,,,無,官方主檔
K6B120D84D9,新北市私立愛莉幼兒園,新北市,汐止區,私立,獨立幼兒園,福德二路125巷6弄2號1樓,(02)26932141,,40,,,,,無,官方主檔
K2D94659177,新北市私立愛麗兒幼兒園,新北市,汐止區,私立,獨立幼兒園,福德二路125巷1號1、2樓,(02)26936150,http://kids.ettoday.com/index.php?kd=ETY093,29,,,,,無,官方主檔
K584B43CA14,新北市私立慧爾幼兒園,新北市,汐止區,私立,獨立幼兒園,大同路二段240號3樓,(02)26427414,,29,,,,,無,官方主檔
K978AAB7605,新北市私立新大華幼兒園,新北市,汐止區,私立,獨立幼兒園,龍安路179號1樓、181號1樓、183號1樓、185號1、2樓,(02)26433360,,139,,,,,無,官方主檔
KC95C2881F3,新北市私立新寶兒幼兒園,新北市,汐止區,私立,獨立幼兒園,"新興路83-4號1樓,83-2號2樓",(02)26422338,,50,,,,,無,官方主檔
KE0B54987A6,新北市私立新華德幼兒園,新北市,汐止區,私立,獨立幼兒園,建成路150號1、2樓,(02)86918925,,43,,,,,無,官方主檔
K5305A3526D,新北市私立新豐幼兒園,新北市,汐止區,私立,獨立幼兒園,新昌路18號1樓,(02)26485110,,60,,,,,無,官方主檔
K633E46997A,新北市私立書樂幼兒園,新北市,汐止區,私立,獨立幼兒園,康寧街619號1樓、2樓、3樓,(02)26957325,http://sula.topschool.tw/,90,,,,,無,官方主檔
KB441CF368C,新北市私立曼哈頓幼兒園,新北市,汐止區,私立,獨立幼兒園,康寧街61巷1號1、2樓,(02)26956685,,300,,,,,有，人數：52,官方主檔
KDF89A14750,新北市私立柏克力幼兒園,新北市,汐止區,私立,獨立幼兒園,福德一路151號、153號1樓、2樓及159巷3號1樓,(02)26943373,www.berkeleybkg.com,66,,,,,無,官方主檔
KA374EB96A3,新北市私立汐止一二三幼兒園,新北市,汐止區,私立,獨立幼兒園,連興街46號2樓、48號1、2樓,(02)26478111,,66,,,,,無,官方主檔
K46712F5128,新北市私立汐止名人幼兒園,新北市,汐止區,私立,獨立幼兒園,大同路2段240之1號1樓、240號2樓之3,(02)26497979,http://min-ren.topschool.com.tw/,50,,,,,無,官方主檔
K2A71FFD12D,新北市私立汐止皇家幼兒園,新北市,汐止區,私立,獨立幼兒園,新台五路一段79號之3,(02)26989288,,200,,,,,無,官方主檔
KB9005B2261,新北市私立神奇小子幼兒園,新北市,汐止區,私立,獨立幼兒園,建成路39號2樓之2,(02)26485386,http://whizkids.topschool.com.tw/,86,,,,,無,官方主檔
KB26C687A03,新北市私立立強幼兒園,新北市,汐止區,私立,獨立幼兒園,民族三街56號,(02)26955050,,60,,,,,無,官方主檔
KABC681F8FD,新北市私立立德幼兒園,新北市,汐止區,私立,獨立幼兒園,中興路86之1號1、2樓,(02)86915908,,135,,,,,有，人數：60,官方主檔
K8909142C33,新北市私立童圓幼兒園,新北市,汐止區,私立,獨立幼兒園,民族二街14號及16號1、2、3樓,(02)26958510,,46,,,,,無,官方主檔
K9CC60AB705,新北市私立維格爾幼兒園,新北市,汐止區,私立,獨立幼兒園,新興路3號3樓之1,(02)26499968,,60,,,,,無,官方主檔
KD9231FC3BE,新北市私立維格爾欣悅幼兒園,新北市,汐止區,私立,獨立幼兒園,工建路358號,(02)26498369,,76,,,,,無,官方主檔
KD5621C9DBF,新北市私立聯合幼兒園,新北市,汐止區,私立,獨立幼兒園,翠峰街2巷2號1樓,(02)26424215,,120,,,,,無,官方主檔
K4D359D6DC5,新北市私立芝蔴城幼兒園,新北市,汐止區,私立,獨立幼兒園,新台五路2段150號1.2樓,(02)26478689,http://blog xuit e net/bowjinn.8689,45,,,,,無,官方主檔
K26C62B646B,新北市私立花仙子幼兒園,新北市,汐止區,私立,獨立幼兒園,康寧街445-1號1樓、445-2號1樓、445-3號1樓,(02)26923933,,75,,,,,無,官方主檔
K5F60D12C04,新北市私立華慶幼兒園,新北市,汐止區,私立,獨立幼兒園,忠孝東路447號1~2樓、449號1~2樓,(02)86488923,www.hwachin.hinet.net,120,,,,,有，人數：21,官方主檔
KCE717F4AAF,新北市私立華興幼兒園,新北市,汐止區,私立,獨立幼兒園,樟樹二路112號1、2樓,(02)26477106,,47,,,,,無,官方主檔
KC5AFE77BB8,新北市私立超群幼兒園,新北市,汐止區,私立,獨立幼兒園,民權街二段81巷3.5號1樓,(02)26405923,http//kid.rfes.tpc.edu.tw/~k200179,60,,,,,無,官方主檔
K891B780F18,新北市私立青山幼兒園,新北市,汐止區,私立,獨立幼兒園,青山路8號1樓、2樓,(02)26416711,,70,,,,,無,官方主檔
K3439F4EB72,新北市立青山國民中小學附設幼兒園,新北市,汐止區,公立,國小附設幼兒園,莊敬街33號,(02)26917875#289,http://www.csjhs.ntpc.edu.tw/default.asp,120,,,,,無,官方主檔
K7823098811,財團法人福智文教基金會附設新北市澄心職場互助教保服務中心,新北市,汐止區,私立,職場互助教保服務中心,新台五路一段95號4樓,(02)77516775,,60,,,,,無,官方主檔
K14C1401C0B,新北市泰山區同榮國民小學附設幼兒園,新北市,泰山區,公立,國小附設幼兒園,公園路33號,(02)22968551#150,http://www.tres.ntpc.edu.tw/,212,,,,,無,官方主檔
K3DAC1ACFA3,新北市泰山區明志國民小學附設幼兒園,新北市,泰山區,公立,國小附設幼兒園,新生路2號,(02)29061133#69,https://class.tn.edu.tw/modules/tad_web/index.php?WebID=14983,196,,,,,無,官方主檔
K3060153EB2,新北市泰山區泰山國民小學附設幼兒園,新北市,泰山區,公立,國小附設幼兒園,泰林路二段255號,(02)2909-8842#180,http://nas2.tses.ntpc.edu.tw/joomlaCMS/,272,,,,,無,官方主檔
K4DC7C1A131,新北市私立及幼幼兒園,新北市,泰山區,私立,獨立幼兒園,仁愛路6巷7弄9號1、2樓,(02)29098116,,59,,,,,無,官方主檔
KB72613A094,新北市私立喬安幼兒園,新北市,泰山區,私立,獨立幼兒園,明志路三段142巷8號3樓之1號,(02)22091680,,80,,,,,無,官方主檔
K0E4029B1F7,新北市私立夢不落幼兒園,新北市,泰山區,私立,獨立幼兒園,信華三街61號,(02)22972318,,267,,,,,無,官方主檔
KDBD51DBE1F,新北市私立心翔幼兒園,新北市,泰山區,私立,獨立幼兒園,辭修路10之11號1樓,(02)85312604,,31,,,,,無,官方主檔
K0A63E0AFF0,新北市私立新仁愛幼兒園,新北市,泰山區,私立,獨立幼兒園,福興二街37號1樓,(02)29097007,,73,,,,,無,官方主檔
KF3DC4D1961,新北市私立晴幼幼兒園,新北市,泰山區,私立,獨立幼兒園,明志路2段273巷5弄20號,(02)22963690,,36,,,,,無,官方主檔
K63DD95C793,新北市私立比佛利幼兒園,新北市,泰山區,私立,獨立幼兒園,仁德路97巷2號1、2樓及105號1、2樓,(02)29090433,,71,,,,,有，人數：8,官方主檔
K0686666129,新北市私立比陽幼兒園,新北市,泰山區,私立,獨立幼兒園,仁德路67號1、2樓,(02)22971489,,28,,,,,無,官方主檔
KF2E1CAF9A3,新北市私立泰山慈惠幼兒園,新北市,泰山區,私立,獨立幼兒園,明志路3段454巷4號、6號,(02)29013352,thks.myweb.hinet.net,90,,,,,無,官方主檔
K9E7EB25C01,新北市私立育榕幼兒園,新北市,泰山區,私立,獨立幼兒園,泰林路2段261號1樓,(02)22974046,,29,,,,,無,官方主檔
KED1BC1A557,新北市私立華菂幼兒園,新北市,泰山區,私立,獨立幼兒園,民生路20、22號,(02)22976871,,309,,,,,無,官方主檔
K4546D8B7F5,新北市私立青樺幼兒園,新北市,泰山區,私立,獨立幼兒園,民生路17巷27、29號,(02)22963681,新北市泰山民生路17巷27_29號,60,,,,,無,官方主檔
KA91F333515,新北市立泰山國民中學附設幼兒園,新北市,泰山區,公立,國中附設幼兒園,泰林路二段498號,(02)22962519#171,http://kid.jgps.ntpc.edu.tw/amy/index.html,60,,,,,無,官方主檔
K944DF7E8CA,新北市立泰山幼兒園,新北市,泰山區,公立,獨立幼兒園,公園路52號1樓及2樓,(02)29099948#205,http://daycare.ntpc.edu.tw/web/taishan/,121,,,,,無,官方主檔
K5C43DFA264,新北市立泰山幼兒園明志分班,新北市,泰山區,公立,獨立幼兒園,明志路二段426號3樓,(02)29062927,,57,,,,,無,官方主檔
K7CC78D6EA1,新北市立泰山幼兒園貴和分班,新北市,泰山區,公立,獨立幼兒園,明志路三段365號2樓,(02)29025378,http://www.daycare-taishan.ntpc.gov.tw/web/Home?command=display&page=flash,48,,,,,無,官方主檔
K8CB8756930,財團法人天主教瑪利亞方濟各傳教女修會附設新北市私立曉明幼兒園,新北市,泰山區,私立,法人公司附設幼兒園,應化街6巷5號,(02)29065374,,133,,,,,無,官方主檔
K52179208AA,財團法人臺灣省天主教道明傳教修女會附設新北市私立道明幼兒園,新北市,泰山區,私立,法人公司附設幼兒園,明志路三段295號,(02)29062234,https://hocom.tw/web/Home/index?key=176009701759,90,,,,,無,官方主檔
KABE3E7917B,台灣基督長老教會淡江學校財團法人新北市私立淡江高級中學附設新北市私立純德幼兒園,新北市,淡水區,私立,高中職大專附設幼兒園,真理街26號,(02)26212805,www.tksh.tpc.edu.tw/kid,180,,,,,無,官方主檔
K0E4D879E24,新北市崁頂非營利幼兒園(委託財團法人三之三生命教育基金會辦理),新北市,淡水區,非營利,獨立幼兒園,新市三路一段231號,(02)28059021,,272,,,,,無,官方主檔＋決算報告
K08BBD60ECB,新北市淡水區中泰國民小學附設幼兒園,新北市,淡水區,公立,國小附設幼兒園,北勢子5號,(02)28012033#107,http://www.ctps.ntpc.edu.tw/ylcommon/search02.asp?id={613BBF88-CB71-45A1-8FC2-1BA769734D93},30,,,,,無,官方主檔
K0C93BA492D,新北市淡水區坪頂國民小學附設幼兒園,新北市,淡水區,公立,國小附設幼兒園,小坪頂18號,(02)86263105#14,http://www.pdes.ntpc.edu.tw/,30,,,,,無,官方主檔
K3930F56F4A,新北市淡水區天生國民小學附設幼兒園,新北市,淡水區,公立,國小附設幼兒園,淡海路72巷26號,(02)28052695#852,http://www.tisnes.ntpc.edu.tw/default.asp,76,,,,,無,官方主檔
K3FA81E4EBB,新北市淡水區屯山國民小學附設幼兒園,新北市,淡水區,公立,國小附設幼兒園,淡金路5段111號,(02)28012591#850,https://sites.google.com/view/tunshankids/%E9%A6%96%E9%A0%81,60,,,,,無,官方主檔
K1363E201D7,新北市淡水區文化國民小學附設幼兒園,新北市,淡水區,公立,國小附設幼兒園,真理街6號1樓,(02)26212031#871,http://tw.class.uschoolnet.com/class/?csid=css000000225276,106,,,,,無,官方主檔
KD26A22DE5F,新北市淡水區新市國民小學附設幼兒園,新北市,淡水區,公立,國小附設幼兒園,中山北路2段200號1樓,(02)26262141#860,,90,,,,,無,官方主檔
K9B792BE30A,新北市淡水區新興國民小學附設幼兒園,新北市,淡水區,公立,國小附設幼兒園,新興街123號,(02)26203646#851,https://www.shes.ntpc.edu.tw/p/412-1000-106.php,106,,,,,無,官方主檔
K621AEB0871,新北市淡水區水源國民小學附設幼兒園,新北市,淡水區,公立,國小附設幼兒園,北新路2段15號,(02)26211347#14,http://hyeskg.uclass.com.tw,30,,,,,無,官方主檔
KA97F9F62E8,新北市淡水區淡水國民小學附設幼兒園,新北市,淡水區,公立,國小附設幼兒園,中山路160號,(02)26212755#140,http://www131.tsps.ntpc.edu.tw/eweb/index.php?home=ew00000000045,90,,,,,無,官方主檔
KD867063B12,新北市淡水區竹圍國民小學附設幼兒園,新北市,淡水區,公立,國小附設幼兒園,中正東路2段145號,(02)28091475#76,https://www.cwps.ntpc.edu.tw/,90,,,,,無,官方主檔
K62F265CDFB,新北市淡水區育英國民小學附設幼兒園,新北市,淡水區,公立,國小附設幼兒園,埤頭14號,(02)26214390#114,新北市淡水區埤島里14號,60,,,,,無,官方主檔
K76B8BD0EFC,新北市淡水區興仁國民小學附設幼兒園,新北市,淡水區,公立,國小附設幼兒園,興仁路101巷10號,(02)26262151#無,,60,,,,,無,官方主檔
KE43539E428,新北市淡水區鄧公國民小學附設幼兒園,新北市,淡水區,公立,國小附設幼兒園,學府路99號,(02)26297121#160,http://www.dkes.ntpc.edu.tw/,60,,,,,無,官方主檔
K78C0A96435,新北市淡海非營利幼兒園(委託財團法人三之三生命教育基金會辦理),新北市,淡水區,非營利,獨立幼兒園,崁頂三路1號,(02)28053855,http://www.3-3life.org.tw/index.php?m=Yzy&a=yList&eId=85,182,143,23,17,,無,官方主檔＋決算報告
K57E0F6642F,新北市私立卓越幼兒園,新北市,淡水區,私立,獨立幼兒園,水源街1段157號3樓,(02)26295859,,40,,,,,無,官方主檔
KC384DA5B97,新北市私立博士兒幼兒園,新北市,淡水區,私立,獨立幼兒園,沙崙路151巷12弄9號1樓,(02)28053239,,28,,,,,,官方主檔
K4621DE9834,新北市私立可爾威德幼兒園,新北市,淡水區,私立,獨立幼兒園,中正東路35巷11號,(02)26221700,,59,,,,,無,官方主檔
KC768B03DD9,新北市私立吉的堡北馨園幼兒園,新北市,淡水區,私立,獨立幼兒園,北新路92號1樓、92號2樓、92號2樓之1,(02)86314518,,88,,,,,無,官方主檔
K64B6ABAF2E,新北市私立吾米幼兒園,新北市,淡水區,私立,獨立幼兒園,後洲路一段111號,(02)28057988,https://www.warm-me.com.tw/,320,,,,,無,官方主檔
K85389AE7EC,新北市私立唯寶幼兒園,新北市,淡水區,私立,獨立幼兒園,沙崙路131巷13弄2號1樓、131巷11號1樓,(02)28053765,,45,,,,,無,官方主檔
K05B4CAFC73,新北市私立啟蒙幼兒園,新北市,淡水區,私立,獨立幼兒園,新生街90巷2號1樓、2之1號1~2樓,(02)26204411,,66,,,,,無,官方主檔
K3F182E0DCF,新北市私立國花幼兒園,新北市,淡水區,私立,獨立幼兒園,"新生街51巷31弄1,3,5,7,9,11號",(02)26220315,http://www.kuohwa.org,166,,,,,無,官方主檔
KDF39AA287C,新北市私立小親親幼兒園,新北市,淡水區,私立,獨立幼兒園,民生路124巷11弄3號1~2樓、5號1~2樓,(02)28097113,,78,,,,,無,官方主檔
K8327364D70,新北市私立快樂家族幼兒園,新北市,淡水區,私立,獨立幼兒園,八勢一街40號1樓、2樓,(02)28085878,,45,,,,,無,官方主檔
KE440994141,新北市私立快樂小熊幼兒園,新北市,淡水區,私立,獨立幼兒園,中山北路1段247巷54號1樓、2樓及56號1樓、2樓,(02)26235611,,60,,,,,有，人數：20,官方主檔
KD66EA6A9D4,新北市私立悅慧幼兒園,新北市,淡水區,私立,獨立幼兒園,新春街10巷2號1至2樓、10巷1號1樓,(02)26283153,,72,,,,,無,官方主檔
KDDB45A9DE4,新北市私立愛丁堡探索幼兒園,新北市,淡水區,私立,獨立幼兒園,崁頂15-11號,(02)26291122,,166,,,,,無,官方主檔
KCBD9B035AF,新北市私立愛家幼兒園,新北市,淡水區,私立,獨立幼兒園,新興街9號1樓、11號1樓、13號1樓,(02)86311045,,50,,,,,無,官方主檔
K2BCE31C128,新北市私立普登幼兒園,新北市,淡水區,私立,獨立幼兒園,中山北路一段151號2樓,(02)26236585,新北市淡水區中山北路一段151號2樓,42,,,,,無,官方主檔
K9B5477BEEB,新北市私立智晶幼兒園,新北市,淡水區,私立,獨立幼兒園,學府路113號2樓,(02)26263915,,46,,,,,有，人數：11,官方主檔
KA23651445F,新北市私立松林幼兒園,新北市,淡水區,私立,獨立幼兒園,中山北路二段189巷100號1樓,(02)2622-5564,,80,,,,,無,官方主檔
KB05A1332C8,新北市私立樂樂童年幼兒園,新北市,淡水區,私立,獨立幼兒園,新市一路3段101巷1號1、2、3樓,(02)26262958,,241,,,,,無,官方主檔
KCA5B6770CD,新北市私立歡樂寶貝熊幼兒園,新北市,淡水區,私立,獨立幼兒園,民權路73號1樓(門牌合併含73號1樓、75號2樓),(02)26241218,,55,,,,,無,官方主檔
K5B15B47F08,新北市私立淡水啟文幼兒園,新北市,淡水區,私立,獨立幼兒園,北新路188號1、2樓,(02)26216505,,46,,,,,無,官方主檔
K31CD382AC4,新北市私立淡水新興幼兒園,新北市,淡水區,私立,獨立幼兒園,新興街43號1樓及夾層,(02)26294887,,90,,,,,無,官方主檔
K9B358757F7,新北市私立淡水松柏幼兒園,新北市,淡水區,私立,獨立幼兒園,新春街172號1樓至2樓及180號2樓、2樓之1、2樓之2、2樓之3、2樓之7,(02)26264253,,152,,,,,無,官方主檔
K2FCDEF9B29,新北市私立溫斯頓幼兒園,新北市,淡水區,私立,獨立幼兒園,民權路187巷40號1樓,(02)88093528,,139,,,,,無,官方主檔
KD8AED27668,新北市私立漢斯堡國際幼兒園,新北市,淡水區,私立,獨立幼兒園,商工路186巷17號1、2樓,(02)26225627,,57,,,,,無,官方主檔
K0DFFED1F2E,新北市私立紅樹林幼兒園,新北市,淡水區,私立,獨立幼兒園,中正東路二段7號1至3樓,(02)28090930,,171,,,,,無,官方主檔
K060A84D77C,新北市私立育碩幼兒園,新北市,淡水區,私立,獨立幼兒園,自強路309之1號1樓、309號2樓,(02)28082746,,52,,,,,無,官方主檔
KA7CBBDD382,新北市私立臻寶園幼兒園,新北市,淡水區,私立,獨立幼兒園,大義街29巷7號1樓、9號1樓、11號1樓、13號1樓,(02)26281889,,42,,,,,無,官方主檔
K7F8AC01792,新北市私立英格麗幼兒園,新北市,淡水區,私立,獨立幼兒園,自強路110號1、2樓,(02)28098640,,45,,,,,無,官方主檔
KE17CCF549A,新北市私立菁英幼兒園,新北市,淡水區,私立,獨立幼兒園,大忠街75號2樓、77號2樓,(02)26259491#2,,40,,,,,無,官方主檔
KC81DAD6B09,新北市私立萊恩得幼兒園,新北市,淡水區,私立,獨立幼兒園,民權路181巷7、9、11、13、15號1樓,(02)28082839,,65,,,,,無,官方主檔
KE1A3F10744,新北市私立萬甲田幼兒園,新北市,淡水區,私立,獨立幼兒園,新市一路3段101巷16弄1號1樓,(02)26269676,http://kids.blogkids.net/,50,,,,,無,官方主檔
K452C5BA6FA,新北市私立蘋果苑藝術幼兒園,新北市,淡水區,私立,獨立幼兒園,新興街116號,(02)26260025,,60,,,,,無,官方主檔
KE11E00FE01,新北市私立雨果幼兒園,新北市,淡水區,私立,獨立幼兒園,水源街1段124號2樓,(02)26238523#330,,34,,,,,無,官方主檔
K43DF739FA7,新北市立忠山實驗小學附設幼兒園,新北市,淡水區,公立,國小附設幼兒園,行忠路899號一樓,(02)26216139#850,,30,,,,,無,官方主檔
K85A255B132,新北市立淡水國民中學附設幼兒園,新北市,淡水區,公立,國中附設幼兒園,真理街10號,(02)26212758#27,http://www.tsjh.ntpc.edu.tw/,120,,,,,無,官方主檔
KED4821E541,新北市立淡水幼兒園,新北市,淡水區,公立,獨立幼兒園,中山北路1段158號1樓,(02)26203130#35,http://daycare.ntpc.edu.tw/web/tamsui/,128,,,,,無,官方主檔
K861C26DF38,新北市立淡水幼兒園竹圍分班,新北市,淡水區,公立,獨立幼兒園,民生路27號1、2、3樓,(02)28097563#11,http://www.daycare-tamsui.ntpc.gov.tw,106,,,,,無,官方主檔
K7DA16402A8,經濟部台灣自來水公司第一區管理處職場互助教保服務中心(委託財團法人三之三生命教育基金會辦理),新北市,淡水區,私立,職場互助教保服務中心,淡金路一段497號,(02)26221690,http://www.3-3life.org.tw/index.php?m=Yzy&a=msList&eId=72&sId=12,40,,,,,無,官方主檔
K8AE1BDB884,財團法人新北市私立一信幼兒園,新北市,淡水區,私立,獨立幼兒園,中正路一段63巷9號,(02)28055681,http://yi-shinkids.topschool.com.tw,180,,,,,無,官方主檔
KD21D0EF52B,新北市深坑區深坑國民小學附設幼兒園,新北市,深坑區,公立,國小附設幼兒園,文化街45號,(02)26624675#272,https://sites.google.com/view/shenkengfuyo,136,,,,,無,官方主檔
K2A2AFADD23,新北市私立新象幼兒園,新北市,深坑區,私立,獨立幼兒園,埔新街58巷11號1、2樓,(02)26625189,,70,,,,,無,官方主檔
K27A23C7F98,新北市私立春福幼兒園,新北市,深坑區,私立,獨立幼兒園,"文化街10號1樓,2樓",(02)26645627,,44,,,,,無,官方主檔
KE74A3F19B6,新北市私立深緣幼兒園,新北市,深坑區,私立,獨立幼兒園,平埔街5巷12號1樓及9巷9號1樓,(02)26624238,,45,,,,,無,官方主檔
K71A565FFBC,新北市立深坑國民中學附設幼兒園,新北市,深坑區,公立,國中附設幼兒園,文化街41號,(02)26621455#38,https://www.skjh.ntpc.edu.tw/p/426-1000-16.php,30,,,,,無,官方主檔
KD931B56BE2,新北市立深坑幼兒園,新北市,深坑區,公立,獨立幼兒園,平埔街5巷1號,(02)26648030#234,http://daycare.ntpc.edu.tw/web/shenkeng/,69,,,,,無,官方主檔
K1D83AD5B82,新北市立深坑幼兒園土庫分班,新北市,深坑區,公立,獨立幼兒園,北深路1段83巷8弄36號1樓,(02)26641773,http://www.daycare-shenkeng.ntpc.gov.tw,30,,,,,無,官方主檔
KB8DA77D73E,新北市立德拉楠民族實驗小學附設幼兒園,新北市,烏來區,公立,國小附設幼兒園,李茂岸56號,(02)26616124#501,http://www.fses.tpc.edu.tw/dyna/menu/index.php?account=grade0,30,,,,,無,官方主檔
KFFB5992E63,新北市立烏來國民中小學附設幼兒園,新北市,烏來區,公立,國小附設幼兒園,啦卡路5號,(02)26616482#60,https://www.facebook.com/Ulay.xo,60,,,,,無,官方主檔
K2A5FEBAD1B,新北市立烏來幼兒園,新北市,烏來區,公立,獨立幼兒園,環山路82巷98號,(02)26616101,https://sites.google.com/apps.ntpc.edu.tw/ulaypqwasanbiru/%E9%A6%96%E9%A0%81,45,,,,,無,官方主檔
K06EF4D50BD,新北市瑞芳區九份國民小學附設幼兒園,新北市,瑞芳區,公立,國小附設幼兒園,崙頂路145號,(02)24972263#28,http://www.jfes.ntpc.edu.tw,30,,,,,無,官方主檔
K7CEC275024,新北市瑞芳區吉慶國民小學附設幼兒園,新北市,瑞芳區,公立,國小附設幼兒園,大埔路95號,(02)24576405#652,http://www.facebook.com/kidscces2013,60,,,,,無,官方主檔
KE0A7510512,新北市瑞芳區濂洞國民小學附設幼兒園,新北市,瑞芳區,公立,國小附設幼兒園,洞頂路101巷80號,(02)24961330#21,,15,,,,,無,官方主檔
KC8F115E4D0,新北市瑞芳區瑞亭國民小學附設幼兒園,新北市,瑞芳區,公立,國小附設幼兒園,四腳亭埔路23號,(02)24971726#205,https://www.facebook.com/%E6%96%B0%E5%8C%97%E5%B8%82%E7%91%9E%E8%8A%B3%E5%8D%80%E7%91%9E%E4%BA%AD%E5,45,,,,,無,官方主檔
K30AAE942B5,新北市瑞芳區瑞柑國民小學附設幼兒園,新北市,瑞芳區,公立,國小附設幼兒園,明燈路1段18巷13號,(02)24971009#31,,30,,,,,無,官方主檔
KA2B38A5F4E,新北市瑞芳區瑞濱國民小學附設幼兒園,新北市,瑞芳區,公立,國小附設幼兒園,瑞濱路34號,(02)24978184#141,https://www.facebook.com/amis24978184,60,,,,,無,官方主檔
KFF92A1F371,新北市瑞芳區瑞芳國民小學附設幼兒園,新北市,瑞芳區,公立,國小附設幼兒園,中山路2號,(02)24972058#150,http://www.rfes.ntpc.edu.tw,120,,,,,無,官方主檔
KB4DA44137A,新北市瑞芳區瑞芳國民小學附設幼兒園東和分班,新北市,瑞芳區,公立,國小附設幼兒園,中山路48之10號,(02)24979941#26,https://reurl.cc/Emyelk,38,,,,,無,官方主檔
K7A80AAA84F,新北市瑞芳區瑞芳國民小學附設幼兒園爪峰分班,新北市,瑞芳區,公立,國小附設幼兒園,三爪子坑路66之6號,(02)24972058#156,新北市瑞芳區爪峰里5鄰三爪子坑路66之6號,38,,,,,無,官方主檔
K49C5DA6D8B,新北市瑞芳區瓜山國民小學附設幼兒園,新北市,瑞芳區,公立,國小附設幼兒園,五號路306號,(02)24962036#207,https://www.gsps.ntpc.edu.tw/,15,,,,,無,官方主檔
K891CD5B22B,新北市瑞芳區義方國民小學附設幼兒園,新北市,瑞芳區,公立,國小附設幼兒園,逢甲路360號,(02)24970922,https://sites.google.com/a/jfps.ntpc.edu.tw/preschool/,30,,,,,無,官方主檔
K6319A9127F,新北市瑞芳區鼻頭國民小學附設幼兒園,新北市,瑞芳區,公立,國小附設幼兒園,鼻頭路99號,(02)24911571#18,,15,,,,,無,官方主檔
K84AF9284F3,新北市私立星星幼兒園,新北市,瑞芳區,私立,獨立幼兒園,三爪子坑路國中新村18號、18之1號,(02)24976716,http://starkids.topschool.com.tw/,91,,,,,無,官方主檔
K24F6B5BE38,新北市私立樺興幼兒園,新北市,瑞芳區,私立,獨立幼兒園,瑞芳街21之1號1樓,(02)24969246,,60,,,,,無,官方主檔
KE629DEEF66,新北市私立米其幼兒園,新北市,瑞芳區,私立,獨立幼兒園,明燈路3段50巷14號1樓、16號1樓,(02)24973008,,47,,,,,有，人數：7,官方主檔
KA689FA0DE2,新北市私立育格幼兒園,新北市,瑞芳區,私立,獨立幼兒園,大埔路國宅新村30之1號1-2樓,(02)24584583,http://www.eaglepreschool.com.tw,105,,,,,有，人數：15,官方主檔
K35C1CF2B25,新北市私立金幼聲幼兒園,新北市,瑞芳區,私立,獨立幼兒園,大埔路吉慶公園城4號1樓、2樓、6號1樓,(02)24571988,,49,,,,,,官方主檔
K263933E0C5,新北市立猴硐—蒙特梭利實驗小學附設幼兒園,新北市,瑞芳區,公立,國小附設幼兒園,九芎橋路69-1號,(02)24960450#120,http://www.htes.tpc.edu.tw/kindergarten/index.html,23,,,,,無,官方主檔
KE1AB6E7B2B,新北市立瑞芳國民中學附設幼兒園,新北市,瑞芳區,公立,國中附設幼兒園,三爪子坑路1號,(02)24972145#280,https://www.facebook.com/profile.php?id=100064001857327,60,,,,,無,官方主檔
K82A6137376,新北市石碇區和平國民小學附設幼兒園,新北市,石碇區,公立,國小附設幼兒園,楓子林32之1號,(02)26631990,,45,,,,,無,官方主檔
K0936B684DA,新北市石碇區永定國民小學附設幼兒園,新北市,石碇區,公立,國小附設幼兒園,靜安路1段245號1樓,(02)26631288#24,https://sites.google.com/site/yongdingpreschool/,15,,,,,無,官方主檔
KD0209C159D,新北市石碇區石碇國民小學附設幼兒園,新北市,石碇區,公立,國小附設幼兒園,石碇西街15號,(02)26631244#21,http://www.stes.ntpc.edu.tw/,30,,,,,無,官方主檔
KFD21B87759,新北市石門區乾華國民小學附設幼兒園,新北市,石門區,公立,國小附設幼兒園,阿里荖33-1號1樓、2樓,(02)26381503,,15,,,,,無,官方主檔
K0076702F36,新北市石門區石門國民小學附設幼兒園,新北市,石門區,公立,國小附設幼兒園,中央路9號,(02)26381263#51,http://www.smes.ntpc.edu.tw,60,,,,,無,官方主檔
K8B239284D4,新北市立老梅實驗小學附設幼兒園,新北市,石門區,公立,國小附設幼兒園,老梅路10號,(02)26381258#28,,30,,,,,無,官方主檔
K57BEDBE6A7,新北市私立大鵬幼兒園,新北市,萬里區,私立,獨立幼兒園,萬里加投70之3號1、2樓,(02)24980811,,216,,,,,無,官方主檔
KEF65809F4C,新北市私立天心幼兒園,新北市,萬里區,私立,獨立幼兒園,瑪鋉下街17號1、2樓,(02)24922742,tian.shin2742@gmail.com,50,,,,,無,官方主檔
K251EE6A0AD,新北市立萬里幼兒園,新北市,萬里區,公立,獨立幼兒園,瑪鋉路221號2樓,(02)24921670,https://wanlipreschool.blogspot.com/,105,,,,,無,官方主檔
K14C78FA8D9,新北市萬里區大坪國民小學附設幼兒園,新北市,萬里區,公立,國小附設幼兒園,大坪路1號,(02)24929461#71,http://dpkg.weebly.com/,30,,,,,無,官方主檔
K981605D417,新北市萬里區大鵬國民小學附設幼兒園,新北市,萬里區,公立,國小附設幼兒園,萬里加投14號,(02)24988131#37,,30,,,,,無,官方主檔
K96322E6030,新北市萬里區萬里國民小學附設幼兒園,新北市,萬里區,公立,國小附設幼兒園,瑪鋉路18號,(02)24922034#60,https://www.wlps.ntpc.edu.tw/index.php,106,,,,,無,官方主檔
KAA88BE61B3,新北市萬里區野柳國民小學附設幼兒園,新北市,萬里區,公立,國小附設幼兒園,港東路167號,(02)24922512#18,https://sites.google.com/a/ylps.ntpc.edu.tw/yelu18/,30,,,,,無,官方主檔
KD6C04E90BE,功學社教育用品股份有限公司附設新北市私立燕翔幼兒園,新北市,蘆洲區,私立,法人公司附設幼兒園,中山二路162之1號,(02)22820818#7430,,130,,,,,無,官方主檔
K022AC3A411,寶寶潛能開發股份有限公司附設新北市私立奇異鳥蘆洲幼兒園,新北市,蘆洲區,私立,法人公司附設幼兒園,中正路373號1、2樓,(02)82855656,新北市蘆洲區中正路373號1.2樓,160,,,,,無,官方主檔
K40C18414F9,新北市私立中華兒童幼兒園,新北市,蘆洲區,私立,獨立幼兒園,長安街267巷24弄1號1、2樓,(02)28472119,http://tw.myblog.yahoo.com/jw!PUkmkZWTSUVYO_M8IGdonWisdWE-,42,,,,,無,官方主檔
K46578751D6,新北市私立今人園幼兒園,新北市,蘆洲區,私立,獨立幼兒園,民權路38巷18號1樓,(02)82861504,,29,,,,,無,官方主檔
KBDEC9341B3,新北市私立佳佳安幼兒園,新北市,蘆洲區,私立,獨立幼兒園,水湳街3號1、2樓,(02)28473960,http://www.jiajian.com.tw,57,,,,,無,官方主檔
K5235BFC688,新北市私立佳佳安長榮幼兒園,新北市,蘆洲區,私立,獨立幼兒園,長榮路369號1樓、2樓、3樓,(02)22822896,www.jiajian.com.tw,224,,,,,無,官方主檔
KCEBF484D6E,新北市私立佳思美幼兒園,新北市,蘆洲區,私立,獨立幼兒園,永樂街31巷28號1樓,(02)82826613,,39,,,,,無,官方主檔
K165F4CA8A7,新北市私立佳辰幼兒園,新北市,蘆洲區,私立,獨立幼兒園,民族路218號1、2、3樓,(02)22831417,,130,,,,,無,官方主檔
KFB6D666DDF,新北市私立來得幼兒園,新北市,蘆洲區,私立,獨立幼兒園,民權路38巷5、7號1樓,(02)22812108,,50,,,,,無,官方主檔
K4B83E14C71,新北市私立光華幼兒園,新北市,蘆洲區,私立,獨立幼兒園,重陽二街8號1、2、3樓,(02)28476833,,263,,,,,無,官方主檔
K1881EFA0D0,新北市私立兜群育資優幼兒園,新北市,蘆洲區,私立,獨立幼兒園,"永平街53,55號1樓",(02)22897228,http://happy.woby.com.tw/,30,,,,,無,官方主檔
KA57C7463B7,新北市私立全國幼兒園,新北市,蘆洲區,私立,獨立幼兒園,民生街99號、101號、103號1樓,(02)22811181,http://ckgogo.blogkids.net,40,,,,,無,官方主檔
KC912365DBC,新北市私立凱文幼兒園,新北市,蘆洲區,私立,獨立幼兒園,長安街178號1、2樓,(02)22885201,,79,,,,,無,官方主檔
KA90E2D427F,新北市私立劍橋幼兒園,新北市,蘆洲區,私立,獨立幼兒園,長榮路700號1、2樓,(02)82858290,,151,,,,,無,官方主檔
K0CEE6FD9C0,新北市私立勁寶兒長樂幼兒園,新北市,蘆洲區,私立,獨立幼兒園,光復路34號1、2、3樓及36號1、2樓,(02)22881029,,120,,,,,無,官方主檔
K3F3A86A87C,新北市私立史丹力幼兒園,新北市,蘆洲區,私立,獨立幼兒園,光榮路96、98號2樓,(02)28479900,新北市蘆洲區光榮路96.98-2樓,90,,,,,無,官方主檔
K3CBE428180,新北市私立向詮幼兒園,新北市,蘆洲區,私立,獨立幼兒園,"永樂街38巷11號1,2樓",(02)22858109,,45,,,,,無,官方主檔
K15AC72D793,新北市私立國園幼兒園,新北市,蘆洲區,私立,獨立幼兒園,信義路222巷11號1樓,(02)28488082,,44,,,,,,官方主檔
K609F8FA740,新北市私立多比幼兒園,新北市,蘆洲區,私立,獨立幼兒園,重陽街50號、52號1樓,(02)28474929,,37,,,,,無,官方主檔
K9930DADA30,新北市私立幼育成幼兒園,新北市,蘆洲區,私立,獨立幼兒園,和平路162之1號1樓,(02)22828118,,50,,,,,無,官方主檔
K30FA549882,新北市私立康橋幼兒園,新北市,蘆洲區,私立,獨立幼兒園,鷺江街97號1樓及93號、95號、97號2樓,(02)28480405,http://kang-chiao.topschool.com.tw/,59,,,,,無,官方主檔
K102B723793,新北市私立徐匯高級中學附設徐匯幼兒園,新北市,蘆洲區,私立,高中職大專附設幼兒園,民生街1、3號1、2樓,(02)22828908,sish.topschool.com.tw,80,,,,,無,官方主檔
KEE34FE94B7,新北市私立快樂佳園幼兒園,新北市,蘆洲區,私立,獨立幼兒園,民族路375號,(02)22831516,http://www.jiajian.com.tw,92,,,,,無,官方主檔
KC849612B91,新北市私立愛丁堡幼兒園,新北市,蘆洲區,私立,獨立幼兒園,光榮路103號1樓、2樓,(02)82861100,,120,,,,,,官方主檔
KC7760E62D8,新北市私立愛心園幼兒園,新北市,蘆洲區,私立,獨立幼兒園,長安街193巷12、14號1樓,(02)22854116,,60,,,,,無,官方主檔
K414C95DB7D,新北市私立愛麗斯幼兒園,新北市,蘆洲區,私立,獨立幼兒園,水湳街102號2樓、104號1、2樓,(02)82851199,http://allex.woby.com.tw/,76,,,,,無,官方主檔
KB4BEBD090E,新北市私立文德幼兒園,新北市,蘆洲區,私立,獨立幼兒園,民義街35巷14號1、2樓,(02)82822061,,37,,,,,有，人數：9,官方主檔
K205DA1A670,新北市私立文心幼兒園,新北市,蘆洲區,私立,獨立幼兒園,集賢路222巷3號1樓、5號1、2樓,(02)82823627,edin.topschool.com.tw,40,,,,,無,官方主檔
KAE7761D05C,新北市私立新冠鈞幼兒園,新北市,蘆洲區,私立,獨立幼兒園,長安街242號、242號2樓之1、成功里2鄰長安街246巷2號1樓,(02)22885125,,45,,,,,無,官方主檔
K62B655796A,新北市私立新大智幼兒園,新北市,蘆洲區,私立,獨立幼兒園,集賢路224巷10號1樓,(02)82823627,,30,,,,,無,官方主檔
KE50A4A0BAD,新北市私立新蘆洲北大幼兒園,新北市,蘆洲區,私立,獨立幼兒園,三民路86號之3,(02)22810602,,90,,,,,無,官方主檔
KC8083599BF,新北市私立日日安幼兒園,新北市,蘆洲區,私立,獨立幼兒園,光榮路120巷22弄12號1樓及夾層,(02)82858755,,30,,,,,無,官方主檔
K63405DC91B,新北市私立普薪幼兒園,新北市,蘆洲區,私立,獨立幼兒園,民義街70號、72號1樓,(02)28489156,http://poo-hsing.topschool.com.tw/,54,,,,,無,官方主檔
K2179ABB348,新北市私立榕榕園幼兒園,新北市,蘆洲區,私立,獨立幼兒園,重陽街15號1樓、夾層及17號1樓,(02)82860160,新北市蘆洲區重陽街15號1樓、夾層及17號1樓,20,,,,,無,官方主檔
K4439B1C4D9,新北市私立民族幼兒園,新北市,蘆洲區,私立,獨立幼兒園,民族路153巷9號1樓、145之2號1樓、145號2樓之3、145號2樓之4,(02)22833543#61,,60,,,,,無,官方主檔
K96D709C572,新北市私立泉慧幼兒園,新北市,蘆洲區,私立,獨立幼兒園,長興路293號1樓,(02)22885153,,37,,,,,無,官方主檔
KD2361C9F8B,新北市私立環愛幼兒園,新北市,蘆洲區,私立,獨立幼兒園,長安街375巷3號1~2樓,(02)28470618,,38,,,,,無,官方主檔
KE8D9E6AF0D,新北市私立璽悅幼兒園,新北市,蘆洲區,私立,獨立幼兒園,民義街77號1、2、3樓,(02)28481509,新北市蘆洲區民義街77號,39,,,,,無,官方主檔
K3DCA5E2E9B,新北市私立祐昇幼兒園,新北市,蘆洲區,私立,獨立幼兒園,中興街177號1樓,(02)22853568,,29,,,,,無,官方主檔
KDBB6FC8BAE,新北市私立維多利亞幼兒園,新北市,蘆洲區,私立,獨立幼兒園,長安街288號1、2樓,(02)28482181,www.vkids.com.tw,300,,,,,無,官方主檔
K5DD9E1EB98,新北市私立綺莉絲幼兒園,新北市,蘆洲區,私立,獨立幼兒園,長樂路1號、3號1樓,(02)28476150,,57,,,,,無,官方主檔
K204B11E0D0,新北市私立美式夏綠蒂幼兒園,新北市,蘆洲區,私立,獨立幼兒園,九芎街71巷1號1、2樓,(02)22884411,,168,,,,,無,官方主檔
K1D34307F37,新北市私立美敦幼兒園,新北市,蘆洲區,私立,獨立幼兒園,中原路21巷4號1樓,(02)22882099,http://modern.blogkids.net/,47,,,,,無,官方主檔
KC41CB65195,新北市私立美樂蒂幼兒園,新北市,蘆洲區,私立,獨立幼兒園,中央路103號1、2樓,(02)82823968,http://melodykid.blogspot.com/,36,,,,,無,官方主檔
K4050EB9E32,新北市私立翊華幼兒園,新北市,蘆洲區,私立,獨立幼兒園,民族路167巷3號1樓及2樓,(02)28487265,http://www.yihua-kindergarten.com/,59,,,,,無,官方主檔
K2A07FDE7A3,新北市私立翊華幼兒園民族分班,新北市,蘆洲區,私立,獨立幼兒園,民族路167巷3號3樓,(02)28487265,,30,,,,,無,官方主檔
KB9CB130974,新北市私立興華幼兒園,新北市,蘆洲區,私立,獨立幼兒園,長安街73巷3號1、2、3樓,(02)22885696,,150,,,,,無,官方主檔
K9F92978A94,新北市私立艾寶貝幼兒園,新北市,蘆洲區,私立,獨立幼兒園,環堤大道172號,(02)22857586,,50,,,,,無,官方主檔
K1DCAE13729,新北市私立芯蒙園幼兒園,新北市,蘆洲區,私立,獨立幼兒園,長興路188號,(02)28488082,,120,,,,,無,官方主檔
K5B401216A0,新北市私立蘆幼幼兒園,新北市,蘆洲區,私立,獨立幼兒園,永平街32巷57弄2號1樓、6號1樓,(02)2281-2233,,66,,,,,無,官方主檔
K347951C7E5,新北市私立蘆洲來來幼兒園,新北市,蘆洲區,私立,獨立幼兒園,民權路156號1、2、3樓,(02)22859282,,200,,,,,,官方主檔
K2EE5960BEB,新北市私立蘆洲星辰幼兒園,新北市,蘆洲區,私立,獨立幼兒園,民族路145號1樓、147號1樓,(02)22833543#61,,40,,,,,無,官方主檔
KB8469A94C2,新北市私立西雅圖幼兒園,新北市,蘆洲區,私立,獨立幼兒園,光榮路96號1樓,(02)28479900,,150,,,,,無,官方主檔
K0E36D9B1B8,新北市私立邦妮幼兒園,新北市,蘆洲區,私立,獨立幼兒園,中華街85號1、2樓、83號2樓,(02)82820211,,74,,,,,無,官方主檔
KB51258FD6D,新北市私立長興幼兒園,新北市,蘆洲區,私立,獨立幼兒園,中正路377號、377號2樓、377號3樓之1,(02)82852098,,86,,,,,無,官方主檔
K38B38A2326,新北市私立雄林國際幼兒園,新北市,蘆洲區,私立,獨立幼兒園,長興路216號,(02)82850367,,350,,,,,無,官方主檔
KB9AABD2D1D,新北市私立集賢幼兒園,新北市,蘆洲區,私立,獨立幼兒園,集賢路292號1、2、3樓,(02)77301234,,165,,,,,無,官方主檔
K99AFF94765,新北市私立馨園幼兒園,新北市,蘆洲區,私立,獨立幼兒園,長樂路79號1樓,(02)22881480,sinyuan.pckids.com.tw,40,,,,,無,官方主檔
K96E78521C8,新北市立蘆洲國民中學附設幼兒園,新北市,蘆洲區,公立,國中附設幼兒園,中正路265號,(02)22811571#518,http://www.lcjh.ntpc.edu.tw/office/kids/index.html,286,,,,,無,官方主檔
KC55BCCFD6C,新北市立蘆洲幼兒園,新北市,蘆洲區,公立,獨立幼兒園,永平街1號2樓,(02)82852747#31,http://daycare.ntpc.edu.tw/web/luzhou/,150,,,,,無,官方主檔
K74A204A132,新北市蘆洲區仁愛國民小學附設幼兒園,新北市,蘆洲區,公立,國小附設幼兒園,民族路488號,(02)2283-8815#120,http://class.tn.edu.tw/modules/tad_web/index.php?WebID=4167,256,,,,,無,官方主檔
K36A2EFFC89,新北市蘆洲區忠義國民小學附設幼兒園,新北市,蘆洲區,公立,國小附設幼兒園,光榮路99號,(02)22899591#129,http://www.cyes.ntpc.edu.tw/,30,,,,,無,官方主檔
K8AF56C0095,新北市蘆洲區成功國民小學附設幼兒園,新北市,蘆洲區,公立,國小附設幼兒園,長安街311號,(02)22858998#890,https://sites.google.com/tces.ntpc.edu.tw/kid,106,,,,,無,官方主檔
KCD1935EA27,新北市蘆洲區蘆洲國民小學附設幼兒園,新北市,蘆洲區,公立,國小附設幼兒園,中正路100號,(02)82822031#23,http://www.lces.ntpc.edu.tw,166,,,,,無,官方主檔
K3109994E56,新北市蘆洲區鷺江國民小學附設幼兒園,新北市,蘆洲區,公立,國小附設幼兒園,民族路7號,(02)22819980#9805,http://lcpskindergarten.my.canva.site/lcps,166,,,,,無,官方主檔
K9FE59C70CF,新北市鷺江非營利幼兒園(委託財團法人彭婉如文教基金會辦理),新北市,蘆洲區,非營利,獨立幼兒園,長樂路235號1樓,(02)82854336,,106,96,13,10,,無,官方主檔＋決算報告
K427215B4BA,新北市貢寮區和美國民小學附設幼兒園,新北市,貢寮區,公立,國小附設幼兒園,龍洞街1之9號,(02)24909035#19,https://www.hmps.ntpc.edu.tw/,15,,,,,無,官方主檔
K884CBC2DF2,新北市貢寮區澳底國民小學附設幼兒園,新北市,貢寮區,公立,國小附設幼兒園,延平街10號,(02)24901432#260,http://css000000182995.tw.class.uschoolnet.com/,75,,,,,無,官方主檔
KC2A05F80D2,新北市貢寮區福隆國民小學附設幼兒園,新北市,貢寮區,公立,國小附設幼兒園,東興街35號,(02)24992150,http://www.flps.ntpc.edu.tw/default.asp,30,,,,,無,官方主檔
KE5C5431CBF,新北市貢寮區貢寮國民小學附設幼兒園,新北市,貢寮區,公立,國小附設幼兒園,學苑街7號,(02)24941274#50,http://tw.class.urlifelinks.com/class/?csid=css000000120269,30,,,,,無,官方主檔
K66281C296F,新北市貢寮區貢寮國民小學附設幼兒園龍門分班,新北市,貢寮區,公立,國小附設幼兒園,龍門街60號之1,(02)24942113,,15,,,,,無,官方主檔
K41A64883A1,新北市金山區三和國民小學附設幼兒園,新北市,金山區,公立,國小附設幼兒園,六股林口38號,(02)24080417#15,新北市金山區三和國民小學,30,,,,,無,官方主檔
KB8F87C8C00,新北市金山區中角國民小學附設幼兒園,新北市,金山區,公立,國小附設幼兒園,海興路49號,(02)24986498,https://www.jjps.ntpc.edu.tw/p/412-1000-761.php,30,,,,,無,官方主檔
K91DFA75BDD,新北市金山區金山國民小學附設幼兒園,新北市,金山區,公立,國小附設幼兒園,中山路234號,(02)24981125#301,http://163.20.84.65/,106,,,,,無,官方主檔
K3D1DA028C7,新北市金山區金山國民小學附設幼兒園美田分班,新北市,金山區,公立,國小附設幼兒園,中山路236號,(02)24981125#301,,55,,,,,無,官方主檔
KCA518E2BC5,新北市金山區金美國民小學附設幼兒園,新北市,金山區,公立,國小附設幼兒園,忠孝一路111號,(02)24986503#704,http://tw.class.uschoolnet.com/class/?csid=css000000157328,76,,,,,無,官方主檔
K11673D0714,財團法人天主教聖母聖心會附設新北市私立天仁幼兒園,新北市,金山區,私立,法人公司附設幼兒園,中正路25號1樓,(02)24982423,http:www.kjftw.org.tw/school19/,60,,,,,無,官方主檔
KE8916446A7,新北市雙溪區上林國民小學附設幼兒園,新北市,雙溪區,公立,國小附設幼兒園,內平林60號1樓,(02)24931671#24,facebook.com/shanglinfuyou/?locale=zh_TW,30,,,,,無,官方主檔
K1B36B1DCF7,新北市雙溪區牡丹國民小學附設幼兒園,新北市,雙溪區,公立,國小附設幼兒園,政光路3號,(02)24931240#214,http://www.mdps.ntpc.edu.tw/default.asp,15,,,,,無,官方主檔
KB146B4A1B5,新北市雙溪區雙溪國民小學附設幼兒園,新北市,雙溪區,公立,國小附設幼兒園,東榮街54號,(02)24931005#50,,60,,,,,無,官方主檔
K633CC054A3,新北市昌福非營利幼兒園(委託明新學校財團法人明新科技大學辦理),新北市,鶯歌區,非營利,獨立幼兒園,永明街22號1樓,(02)26708189,,90,73,12,8,,無,官方主檔＋決算報告
KC97422B70C,新北市私立及仁幼兒園,新北市,鶯歌區,私立,獨立幼兒園,鳳吉一街172號1至3樓,(02)26799611,,151,,,,,無,官方主檔
K32CF7EE7B4,新北市私立學詮幼兒園,新北市,鶯歌區,私立,獨立幼兒園,德昌街131號1、2樓,(02)86771515,,160,,,,,無,官方主檔
K2371DA0A50,新北市私立宏修幼兒園,新北市,鶯歌區,私立,獨立幼兒園,文化路145巷10號1樓,(02)26776788,f250@ms22.hinet.net,100,,,,,無,官方主檔
KF282B6C913,新北市私立宏鶯幼兒園,新北市,鶯歌區,私立,獨立幼兒園,鶯桃路95巷16、18號1、2樓,(02)26706022,http://honying.topschool.com.tw/,55,,,,,無,官方主檔
K4591060D12,新北市私立山姆幼兒園,新北市,鶯歌區,私立,獨立幼兒園,仁愛路66號1樓、2樓、3樓(含地下1樓),(02)86782899,,286,,,,,無,官方主檔
KDFF8476D93,新北市私立康乃爾幼兒園,新北市,鶯歌區,私立,獨立幼兒園,育英街98-1號1樓,(02)26787999,http://tw.myblog.yahoo.com/jw!ckXX1WeRExjw8A6g6w3aOU1bZXXW,75,,,,,無,官方主檔
K9769DD51A0,新北市私立愛迪生幼兒園,新北市,鶯歌區,私立,獨立幼兒園,建國路556號1、2、3樓,(02)26704615,http://blogkids.net/,165,,,,,無,官方主檔
K6DB53EF421,新北市私立朱徠德幼兒園,新北市,鶯歌區,私立,獨立幼兒園,鶯桃路301號1、2樓,(02)26799000,,250,,,,,無,官方主檔
K3FFA3D5C1B,新北市私立精英國際幼兒園,新北市,鶯歌區,私立,獨立幼兒園,中山路249巷30號1樓、32號1樓、36號1至2樓及36號露臺,(02)26793299,,151,,,,,無,官方主檔
KD6B53D07F8,新北市私立育全鶯歌幼兒園,新北市,鶯歌區,私立,獨立幼兒園,"二甲路25號1,2樓",(02)86778181,,474,,,,,無,官方主檔
K42AA7DA822,新北市私立長青幼兒園,新北市,鶯歌區,私立,獨立幼兒園,鶯桃路188號,(02)26794011,http://foreverkids.wowch.co/,88,,,,,無,官方主檔
KF3C5A5E7E0,新北市私立鶯歌芝麻村幼兒園,新北市,鶯歌區,私立,獨立幼兒園,國華路103、103-1、105、107及109號1樓,(02)86788181,,304,,,,,無,官方主檔
KE440932309,新北市立尖山國民中學附設幼兒園,新北市,鶯歌區,公立,國中附設幼兒園,國中街1號,(02)26771462,https://www.jsjhs.ntpc.edu.tw/p/412-1000-721.php,30,,,,,無,官方主檔
K59B561D241,新北市立鳳鳴國民中學附設幼兒園,新北市,鶯歌區,公立,國中附設幼兒園,永和街33號,(02)26780609#232,http://www.fmjh.ntpc.edu.tw,76,,,,,無,官方主檔
K8EB5975D8F,新北市立鶯歌國民中學附設幼兒園,新北市,鶯歌區,公立,國中附設幼兒園,尖山埔路108號,(02)26701461#701,https://www.ykjhs.ntpc.edu.tw/,76,,,,,無,官方主檔
K35E302DBA5,新北市立鶯歌幼兒園,新北市,鶯歌區,公立,獨立幼兒園,大湖路336號,(02)26781259#18,http://daycare.ntpc.edu.tw/web/yingge/,271,,,,,無,官方主檔
K8B9CF44CC8,新北市鶯歌區中湖國民小學附設幼兒園,新北市,鶯歌區,公立,國小附設幼兒園,中湖街25號,(02)86775640,https://www.facebook.com/chueskidergarten/,76,,,,,無,官方主檔
KC752C99C56,新北市鶯歌區二橋國民小學附設幼兒園,新北市,鶯歌區,公立,國小附設幼兒園,中正三路106號,(02)26792364#272,http://163.20.55.207/eweb/index.php?home=ew00000000031,60,,,,,無,官方主檔
KB3D4DB300C,新北市鶯歌區建國國民小學附設幼兒園,新北市,鶯歌區,公立,國小附設幼兒園,育英街2號,(02)26709228#160,http://www.ckps.ntpc.edu.tw,166,,,,,無,官方主檔
K89BD2CBAF2,新北市鶯歌區永吉國民小學附設幼兒園,新北市,鶯歌區,公立,國小附設幼兒園,德昌二街2號,(02)26704177#601,http://freebsd.yces.ntpc.edu.tw/~popcorn,60,,,,,無,官方主檔
KE9ABBA87F8,新北市鶯歌區鳳鳴國民小學附設幼兒園,新北市,鶯歌區,公立,國小附設幼兒園,永和街120號,(02)26797554#501,http://163.20.125.132/dyna/webs/index.php?account=kids,181,,,,,無,官方主檔
K1C3BC2DE90,新北市鶯歌區鶯歌國民小學附設幼兒園,新北市,鶯歌區,公立,國小附設幼兒園,尖山埔路106號,(02)26792038#251,http://163.20.10.1/~class/web/Homepage.php?teacher_id=127,60,,,,,無,官方主檔
