inst_id,fiscal_year,account,kind,amount
K2415A70C05,2021,教保費收入,revenue,10069260.0
K2415A70C05,2021,教保費收入減項,revenue,-76032.0
K2415A70C05,2021,延後托育收入,revenue,162900.0
K2415A70C05,2021,利息收入,revenue,43296.0
K2415A70C05,2021,其他收入,revenue,1086345.0
K2415A70C05,2021,收入合計,total,11284869.0
K2415A70C05,2021,人事費,expense,6763467.0
K2415A70C05,2021,業務費,expense,300404.0
K2415A70C05,2021,材料費,expense,1245534.0
K2415A70C05,2021,維護費,expense,105476.0
K2415A70C05,2021,修繕購置費,expense,125696.0
K2415A70C05,2021,雜支,expense,22118.0
K2415A70C05,2021,行政管理費,expense,124680.0
K2415A70C05,2021,業務發展費,expense,1099000.0
K2415A70C05,2021,延後托育支出,expense,147216.0
K2415A70C05,2021,其他支出,expense,1086035.0
K2415A70C05,2021,呆帳損失,expense,46686.0
K2415A70C05,2021,支出合計,total,11066312.0
K2415A70C05,2021,本期稅前餘絀,surplus,218557.0
K2415A70C05,2021,本期稅後餘絀,surplus,218557.0
K15CCE45A4E,2021,教保費收入,revenue,10232397.0
K15CCE45A4E,2021,教保費收入減項,revenue,-83589.0
K15CCE45A4E,2021,延後托育收入,revenue,333797.0
K15CCE45A4E,2021,利息收入,revenue,25283.0
K15CCE45A4E,2021,其他收入,revenue,1874209.0
K15CCE45A4E,2021,收入合計,total,12382097.0
K15CCE45A4E,2021,人事費,expense,6971731.0
K15CCE45A4E,2021,業務費,expense,445333.0
K15CCE45A4E,2021,材料費,expense,1085568.0
K15CCE45A4E,2021,維護費,expense,93029.0
K15CCE45A4E,2021,修繕購置費,expense,50201.0
K15CCE45A4E,2021,公共事務管理費,expense,14400.0
K15CCE45A4E,2021,雜支,expense,3850.0
K15CCE45A4E,2021,行政管理費,expense,125430.0
K15CCE45A4E,2021,業務發展費,expense,294400.0
K15CCE45A4E,2021,延後托育支出,expense,333635.0
K15CCE45A4E,2021,其他支出,expense,1874209.0
K15CCE45A4E,2021,支出合計,total,11291786.0
K15CCE45A4E,2021,本期稅前餘絀,surplus,109031.0
K15CCE45A4E,2021,所得稅費用,expense,25077.0
K15CCE45A4E,2021,本期稅後餘絀,surplus,1065234.0
K54E0E6A4A2,2021,教保費收入,revenue,10094201.0
K54E0E6A4A2,2021,教保費收入減項,revenue,-105823.0
K54E0E6A4A2,2021,延後托育收入,revenue,289925.0
K54E0E6A4A2,2021,利息收入,revenue,1017.0
K54E0E6A4A2,2021,其他收入,revenue,1675731.0
K54E0E6A4A2,2021,收入合計,total,11955951.0
K54E0E6A4A2,2021,人事費,expense,7235004.0
K54E0E6A4A2,2021,業務費,expense,413394.0
K54E0E6A4A2,2021,材料費,expense,1126043.0
K54E0E6A4A2,2021,維護費,expense,87399.0
K54E0E6A4A2,2021,修繕購置費,expense,126641.0
K54E0E6A4A2,2021,雜支,expense,18301.0
K54E0E6A4A2,2021,行政管理費,expense,117840.0
K54E0E6A4A2,2021,業務發展費,expense,98000.0
K54E0E6A4A2,2021,延後托育支出,expense,289925.0
K54E0E6A4A2,2021,其他支出,expense,1675731.0
K54E0E6A4A2,2021,支出合計,total,11188278.0
K54E0E6A4A2,2021,本期稅前餘絀,surplus,767673.0
K54E0E6A4A2,2021,本期稅後餘絀,surplus,767673.0
KDF998FD925,2021,教保費收入,revenue,6210921.0
KDF998FD925,2021,延後托育收入,revenue,223200.0
KDF998FD925,2021,利息收入,revenue,11066.0
KDF998FD925,2021,其他收入,revenue,765804.0
KDF998FD925,2021,收入合計,total,71163219.0
KDF998FD925,2021,人事費,expense,3798440.0
KDF998FD925,2021,業務費,expense,356834.0
KDF998FD925,2021,材料費,expense,956833.0
KDF998FD925,2021,維護費,expense,70282.0
KDF998FD925,2021,修繕購置費,expense,195741.0
KDF998FD925,2021,雜支,expense,10488.0
KDF998FD925,2021,行政管理費,expense,90012.0
KDF998FD925,2021,業務發展費,expense,336000.0
KDF998FD925,2021,延後托育支出,expense,209704.0
KDF998FD925,2021,其他支出,expense,765804.0
KDF998FD925,2021,支出合計,total,6790138.0
KDF998FD925,2021,本期稅前餘絀,surplus,373081.0
KDF998FD925,2021,本期稅後餘絀,surplus,373081.0
K25B89B6B3E,2021,教保費收入,revenue,9030884.0
K25B89B6B3E,2021,延後托育收入,revenue,532950.0
K25B89B6B3E,2021,利息收入,revenue,3836.0
K25B89B6B3E,2021,其他收入,revenue,2312245.0
K25B89B6B3E,2021,收入合計,total,11841923.0
K25B89B6B3E,2021,人事費,expense,5862148.0
K25B89B6B3E,2021,業務費,expense,373048.0
K25B89B6B3E,2021,材料費,expense,907619.0
K25B89B6B3E,2021,維護費,expense,82394.0
K25B89B6B3E,2021,修繕購置費,expense,111654.0
K25B89B6B3E,2021,雜支,expense,34973.0
K25B89B6B3E,2021,行政管理費,expense,112681.0
K25B89B6B3E,2021,業務發展費,expense,766300.0
K25B89B6B3E,2021,延後托育支出,expense,446820.0
K25B89B6B3E,2021,其他支出,expense,2312245.0
K25B89B6B3E,2021,支出合計,total,11009882.0
K25B89B6B3E,2021,本期稅前餘絀,surplus,832041.0
K25B89B6B3E,2021,所得稅費用,expense,40034.0
K25B89B6B3E,2021,本期稅後餘絀,surplus,792007.0
KB7027794AA,2021,教保費收入,revenue,11741812.0
KB7027794AA,2021,教保費收入減項,revenue,-89167.0
KB7027794AA,2021,延後托育收入,revenue,547530.0
KB7027794AA,2021,利息收入,revenue,28253.0
KB7027794AA,2021,其他收入,revenue,1830781.0
KB7027794AA,2021,收入合計,total,14059209.0
KB7027794AA,2021,人事費,expense,7099629.0
KB7027794AA,2021,業務費,expense,532499.0
KB7027794AA,2021,材料費,expense,1462619.0
KB7027794AA,2021,維護費,expense,54588.0
KB7027794AA,2021,修繕購置費,expense,140166.0
KB7027794AA,2021,雜支,expense,23313.0
KB7027794AA,2021,行政管理費,expense,262780.0
KB7027794AA,2021,業務發展費,expense,613100.0
KB7027794AA,2021,延後托育支出,expense,397224.0
KB7027794AA,2021,其他支出,expense,1830781.0
KB7027794AA,2021,支出合計,total,12416699.0
KB7027794AA,2021,本期稅前餘絀,surplus,1642510.0
KB7027794AA,2021,所得稅費用,expense,30655.0
KB7027794AA,2021,本期稅後餘絀,surplus,1611855.0
KA17D8F5F9A,2021,教保費收入,revenue,14247593.0
KA17D8F5F9A,2021,教保費收入減項,revenue,-135167.0
KA17D8F5F9A,2021,延後托育收入,revenue,188370.0
KA17D8F5F9A,2021,利息收入,revenue,27037.0
KA17D8F5F9A,2021,其他收入,revenue,1832078.0
KA17D8F5F9A,2021,收入合計,total,16159911.0
KA17D8F5F9A,2021,人事費,expense,9226416.0
KA17D8F5F9A,2021,業務費,expense,685944.0
KA17D8F5F9A,2021,材料費,expense,1973721.0
KA17D8F5F9A,2021,維護費,expense,67720.0
KA17D8F5F9A,2021,修繕購置費,expense,202136.0
KA17D8F5F9A,2021,雜支,expense,51208.0
KA17D8F5F9A,2021,行政管理費,expense,315990.0
KA17D8F5F9A,2021,業務發展費,expense,99000.0
KA17D8F5F9A,2021,延後托育支出,expense,182692.0
KA17D8F5F9A,2021,其他支出,expense,1832078.0
KA17D8F5F9A,2021,支出合計,total,14636005.0
KA17D8F5F9A,2021,本期稅前餘絀,surplus,1523006.0
KA17D8F5F9A,2021,本期稅後餘絀,surplus,1523006.0
K9FE59C70CF,2021,教保費收入,revenue,11370572.0
K9FE59C70CF,2021,教保費收入減項,revenue,-72811.0
K9FE59C70CF,2021,延後托育收入,revenue,233295.0
K9FE59C70CF,2021,利息收入,revenue,1094.0
K9FE59C70CF,2021,其他收入,revenue,2217058.0
K9FE59C70CF,2021,收入合計,total,13749148.0
K9FE59C70CF,2021,人事費,expense,6903487.0
K9FE59C70CF,2021,業務費,expense,443209.0
K9FE59C70CF,2021,材料費,expense,1222323.0
K9FE59C70CF,2021,維護費,expense,73357.0
K9FE59C70CF,2021,修繕購置費,expense,139375.0
K9FE59C70CF,2021,雜支,expense,6077.0
K9FE59C70CF,2021,行政管理費,expense,241682.0
K9FE59C70CF,2021,業務發展費,expense,836278.0
K9FE59C70CF,2021,延後托育支出,expense,96196.0
K9FE59C70CF,2021,其他支出,expense,2217058.0
K9FE59C70CF,2021,呆帳損失,expense,11833.0
K9FE59C70CF,2021,支出合計,total,12190875.0
K9FE59C70CF,2021,本期稅前餘絀,surplus,1558273.0
K9FE59C70CF,2021,所得稅費用,expense,1927.0
K9FE59C70CF,2021,本期稅後餘絀,surplus,1556346.0
K5BDC0C740F,2021,教保費收入,revenue,6990138.0
K5BDC0C740F,2021,教保費收入減項,revenue,-57961.0
K5BDC0C740F,2021,延後托育收入,revenue,567480.0
K5BDC0C740F,2021,利息收入,revenue,11218.0
K5BDC0C740F,2021,其他收入,revenue,1392098.0
K5BDC0C740F,2021,收入合計,total,8902973.0
K5BDC0C740F,2021,人事費,expense,4234041.0
K5BDC0C740F,2021,業務費,expense,257048.0
K5BDC0C740F,2021,材料費,expense,708169.0
K5BDC0C740F,2021,維護費,expense,111992.0
K5BDC0C740F,2021,修繕購置費,expense,62469.0
K5BDC0C740F,2021,公共事務管理費,expense,72360.0
K5BDC0C740F,2021,雜支,expense,342.0
K5BDC0C740F,2021,行政管理費,expense,147220.0
K5BDC0C740F,2021,業務發展費,expense,820000.0
K5BDC0C740F,2021,延後托育支出,expense,454065.0
K5BDC0C740F,2021,其他支出,expense,1392098.0
K5BDC0C740F,2021,支出合計,total,8259804.0
K5BDC0C740F,2021,本期稅前餘絀,surplus,643169.0
K5BDC0C740F,2021,所得稅費用,expense,34386.0
K5BDC0C740F,2021,本期稅後餘絀,surplus,608783.0
K9A79920811,2021,教保費收入,revenue,10711120.0
K9A79920811,2021,教保費收入減項,revenue,-90465.0
K9A79920811,2021,延後托育收入,revenue,365880.0
K9A79920811,2021,利息收入,revenue,25941.0
K9A79920811,2021,其他收入,revenue,2285746.0
K9A79920811,2021,收入合計,total,13298222.0
K9A79920811,2021,人事費,expense,8041532.0
K9A79920811,2021,業務費,expense,584686.0
K9A79920811,2021,材料費,expense,1402811.0
K9A79920811,2021,維護費,expense,38191.0
K9A79920811,2021,修繕購置費,expense,221493.0
K9A79920811,2021,雜支,expense,8683.0
K9A79920811,2021,行政管理費,expense,84736.0
K9A79920811,2021,業務發展費,expense,116000.0
K9A79920811,2021,延後托育支出,expense,325602.0
K9A79920811,2021,其他支出,expense,2285746.0
K9A79920811,2021,支出合計,total,13109480.0
K9A79920811,2021,本期稅前餘絀,surplus,188742.0
K9A79920811,2021,所得稅費用,expense,21399.0
K9A79920811,2021,本期稅後餘絀,surplus,167343.0
KF31C21F4B0,2021,教保費收入,revenue,13019354.0
KF31C21F4B0,2021,教保費收入減項,revenue,-131505.0
KF31C21F4B0,2021,延後托育收入,revenue,454340.0
KF31C21F4B0,2021,利息收入,revenue,4754.0
KF31C21F4B0,2021,其他收入,revenue,2502378.0
KF31C21F4B0,2021,收入合計,total,15892108.0
KF31C21F4B0,2021,人事費,expense,9506267.0
KF31C21F4B0,2021,業務費,expense,612060.0
KF31C21F4B0,2021,材料費,expense,2126375.0
KF31C21F4B0,2021,維護費,expense,103833.0
KF31C21F4B0,2021,修繕購置費,expense,189839.0
KF31C21F4B0,2021,雜支,expense,46331.0
KF31C21F4B0,2021,行政管理費,expense,82023.0
KF31C21F4B0,2021,延後托育支出,expense,448286.0
KF31C21F4B0,2021,其他支出,expense,2502378.0
KF31C21F4B0,2021,支出合計,total,15617392.0
KF31C21F4B0,2021,本期稅前餘絀,surplus,274716.0
KF31C21F4B0,2021,本期稅後餘絀,surplus,274716.0
K633CC054A3,2021,教保費收入,revenue,8993315.0
K633CC054A3,2021,教保費收入減項,revenue,-55566.0
K633CC054A3,2021,延後托育收入,revenue,117330.0
K633CC054A3,2021,利息收入,revenue,530.0
K633CC054A3,2021,其他收入,revenue,815489.0
K633CC054A3,2021,收入合計,total,9871098.0
K633CC054A3,2021,人事費,expense,5558696.0
K633CC054A3,2021,業務費,expense,281791.0
K633CC054A3,2021,材料費,expense,996628.0
K633CC054A3,2021,維護費,expense,66107.0
K633CC054A3,2021,修繕購置費,expense,12483.0
K633CC054A3,2021,雜支,expense,9272.0
K633CC054A3,2021,行政管理費,expense,71730.0
K633CC054A3,2021,業務發展費,expense,12200000.0
K633CC054A3,2021,延後托育支出,expense,89200.0
K633CC054A3,2021,其他支出,expense,815489.0
K633CC054A3,2021,支出合計,total,9101396.0
K633CC054A3,2021,本期稅前餘絀,surplus,769702.0
K633CC054A3,2021,本期稅後餘絀,surplus,769702.0
KBDDA1A2637,2021,教保費收入,revenue,8997480.0
KBDDA1A2637,2021,教保費收入減項,revenue,-70462.0
KBDDA1A2637,2021,延後托育收入,revenue,105678.0
KBDDA1A2637,2021,利息收入,revenue,28266.0
KBDDA1A2637,2021,其他收入,revenue,1507691.0
KBDDA1A2637,2021,收入合計,total,10568653.0
KBDDA1A2637,2021,人事費,expense,6256592.0
KBDDA1A2637,2021,業務費,expense,408375.0
KBDDA1A2637,2021,材料費,expense,961266.0
KBDDA1A2637,2021,維護費,expense,64776.0
KBDDA1A2637,2021,修繕購置費,expense,68483.0
KBDDA1A2637,2021,雜支,expense,25413.0
KBDDA1A2637,2021,行政管理費,expense,71465.0
KBDDA1A2637,2021,業務發展費,expense,900000.0
KBDDA1A2637,2021,延後托育支出,expense,25229.0
KBDDA1A2637,2021,其他支出,expense,1507691.0
KBDDA1A2637,2021,支出合計,total,10289290.0
KBDDA1A2637,2021,本期稅前餘絀,surplus,279363.0
KBDDA1A2637,2021,本期稅後餘絀,surplus,279363.0
K8D89087028,2021,教保費收入,revenue,-9480.0
K8D89087028,2021,教保費收入減項,revenue,-8.0
K8D89087028,2021,延後托育收入,revenue,50.0
K8D89087028,2021,利息收入,revenue,3077.0
K8D89087028,2021,其他收入,revenue,2778820.0
K8D89087028,2021,收入合計,total,13998676.0
K8D89087028,2021,人事費,expense,7367122.0
K8D89087028,2021,業務費,expense,355950.0
K8D89087028,2021,材料費,expense,1225239.0
K8D89087028,2021,維護費,expense,43363.0
K8D89087028,2021,修繕購置費,expense,65699.0
K8D89087028,2021,公共事務管理費,expense,31658.0
K8D89087028,2021,雜支,expense,7845.0
K8D89087028,2021,行政管理費,expense,146989.0
K8D89087028,2021,業務發展費,expense,582900.0
K8D89087028,2021,延後托育支出,expense,582782.0
K8D89087028,2021,其他支出,expense,2778820.0
K8D89087028,2021,支出合計,total,13188367.0
K8D89087028,2021,本期稅前餘絀,surplus,810309.0
K8D89087028,2021,所得稅費用,expense,45529.0
K8D89087028,2021,本期稅後餘絀,surplus,764780.0
K1903EBE606,2021,教保費收入,revenue,16615323.0
K1903EBE606,2021,教保費收入減項,revenue,-178591.0
K1903EBE606,2021,延後托育收入,revenue,341400.0
K1903EBE606,2021,利息收入,revenue,5196.0
K1903EBE606,2021,其他收入,revenue,3883494.0
K1903EBE606,2021,收入合計,total,20666822.0
K1903EBE606,2021,人事費,expense,11149982.0
K1903EBE606,2021,業務費,expense,467277.0
K1903EBE606,2021,材料費,expense,1830564.0
K1903EBE606,2021,維護費,expense,109890.0
K1903EBE606,2021,修繕購置費,expense,151398.0
K1903EBE606,2021,公共事務管理費,expense,30000.0
K1903EBE606,2021,雜支,expense,4370.0
K1903EBE606,2021,行政管理費,expense,211352.0
K1903EBE606,2021,業務發展費,expense,205788.0
K1903EBE606,2021,延後托育支出,expense,176049.0
K1903EBE606,2021,其他支出,expense,3883494.0
K1903EBE606,2021,支出合計,total,18190164.0
K1903EBE606,2021,本期稅前餘絀,surplus,2476658.0
K1903EBE606,2021,所得稅費用,expense,1341.0
K1903EBE606,2021,本期稅後餘絀,surplus,2475317.0
K67A61067B3,2021,教保費收入,revenue,11021571.0
K67A61067B3,2021,教保費收入減項,revenue,-113142.0
K67A61067B3,2021,延後托育收入,revenue,269010.0
K67A61067B3,2021,利息收入,revenue,30277.0
K67A61067B3,2021,其他收入,revenue,2335467.0
K67A61067B3,2021,收入合計,total,13544083.0
K67A61067B3,2021,人事費,expense,7715140.0
K67A61067B3,2021,業務費,expense,423460.0
K67A61067B3,2021,材料費,expense,1526215.0
K67A61067B3,2021,維護費,expense,111352.0
K67A61067B3,2021,修繕購置費,expense,146276.0
K67A61067B3,2021,雜支,expense,12529.0
K67A61067B3,2021,行政管理費,expense,84736.0
K67A61067B3,2021,業務發展費,expense,607000.0
K67A61067B3,2021,延後托育支出,expense,260092.0
K67A61067B3,2021,其他支出,expense,2335467.0
K67A61067B3,2021,支出合計,total,13222267.0
K67A61067B3,2021,本期稅前餘絀,surplus,321816.0
K67A61067B3,2021,所得稅費用,expense,110422.0
K67A61067B3,2021,本期稅後餘絀,surplus,211394.0
K81731FCDA3,2021,教保費收入,revenue,6531154.0
K81731FCDA3,2021,教保費收入減項,revenue,-4581.0
K81731FCDA3,2021,延後托育收入,revenue,397233.0
K81731FCDA3,2021,利息收入,revenue,16106.0
K81731FCDA3,2021,其他收入,revenue,1066333.0
K81731FCDA3,2021,收入合計,total,8865015.0
K81731FCDA3,2021,人事費,expense,4094563.0
K81731FCDA3,2021,業務費,expense,273219.0
K81731FCDA3,2021,材料費,expense,875562.0
K81731FCDA3,2021,維護費,expense,40402.0
K81731FCDA3,2021,修繕購置費,expense,86728.0
K81731FCDA3,2021,公共事務管理費,expense,1027.0
K81731FCDA3,2021,雜支,expense,24666.0
K81731FCDA3,2021,行政管理費,expense,88932.0
K81731FCDA3,2021,業務發展費,expense,577600.0
K81731FCDA3,2021,延後托育支出,expense,198822.0
K81731FCDA3,2021,其他支出,expense,1066333.0
K81731FCDA3,2021,支出合計,total,8227854.0
K81731FCDA3,2021,本期稅前餘絀,surplus,637161.0
K81731FCDA3,2021,所得稅費用,expense,25132.0
K81731FCDA3,2021,本期稅後餘絀,surplus,612029.0
KE2E8B37088,2021,教保費收入,revenue,9103583.0
KE2E8B37088,2021,教保費收入減項,revenue,-64430.0
KE2E8B37088,2021,延後托育收入,revenue,463200.0
KE2E8B37088,2021,利息收入,revenue,15701.0
KE2E8B37088,2021,其他收入,revenue,2295792.0
KE2E8B37088,2021,收入合計,total,11813846.0
KE2E8B37088,2021,人事費,expense,6042382.0
KE2E8B37088,2021,業務費,expense,389940.0
KE2E8B37088,2021,材料費,expense,1385503.0
KE2E8B37088,2021,維護費,expense,108363.0
KE2E8B37088,2021,修繕購置費,expense,125222.0
KE2E8B37088,2021,雜支,expense,12330.0
KE2E8B37088,2021,行政管理費,expense,124560.0
KE2E8B37088,2021,業務發展費,expense,80773.0
KE2E8B37088,2021,延後托育支出,expense,412080.0
KE2E8B37088,2021,其他支出,expense,2295182.0
KE2E8B37088,2021,支出合計,total,10976335.0
KE2E8B37088,2021,本期稅前餘絀,surplus,83751.0
KE2E8B37088,2021,本期稅後餘絀,surplus,837511.0
KF984F05B3B,2021,教保費收入,revenue,12830063.0
KF984F05B3B,2021,延後托育收入,revenue,306890.0
KF984F05B3B,2021,利息收入,revenue,8523.0
KF984F05B3B,2021,其他收入,revenue,2790042.0
KF984F05B3B,2021,收入合計,total,15815279.0
KF984F05B3B,2021,人事費,expense,8790805.0
KF984F05B3B,2021,業務費,expense,404204.0
KF984F05B3B,2021,材料費,expense,1863232.0
KF984F05B3B,2021,維護費,expense,113117.0
KF984F05B3B,2021,修繕購置費,expense,158905.0
KF984F05B3B,2021,雜支,expense,31976.0
KF984F05B3B,2021,行政管理費,expense,170983.0
KF984F05B3B,2021,業務發展費,expense,432000.0
KF984F05B3B,2021,延後托育支出,expense,243122.0
KF984F05B3B,2021,其他支出,expense,2790042.0
KF984F05B3B,2021,支出合計,total,14998386.0
KF984F05B3B,2021,本期稅前餘絀,surplus,816893.0
KF984F05B3B,2021,本期稅後餘絀,surplus,816893.0
K557631E383,2021,教保費收入,revenue,1523.0
K557631E383,2021,教保費收入減項,revenue,-203003.0
K557631E383,2021,延後托育收入,revenue,471420.0
K557631E383,2021,利息收入,revenue,864.0
K557631E383,2021,其他收入,revenue,265834.0
K557631E383,2021,收入合計,total,8159607.0
K557631E383,2021,人事費,expense,9767193.0
K557631E383,2021,業務費,expense,702225.0
K557631E383,2021,材料費,expense,1885297.0
K557631E383,2021,維護費,expense,139896.0
K557631E383,2021,修繕購置費,expense,243067.0
K557631E383,2021,雜支,expense,55.0
K557631E383,2021,行政管理費,expense,196420.0
K557631E383,2021,延後托育支出,expense,414443.0
K557631E383,2021,其他支出,expense,2658341.0
K557631E383,2021,支出合計,total,6062024.0
K557631E383,2021,本期稅前餘絀,surplus,2097583.0
K557631E383,2021,所得稅費用,expense,3.0
K557631E383,2021,本期稅後餘絀,surplus,2097583.0
KEF0B2D1C01,2021,教保費收入,revenue,10023694.0
KEF0B2D1C01,2021,教保費收入減項,revenue,-82161.0
KEF0B2D1C01,2021,延後托育收入,revenue,242100.0
KEF0B2D1C01,2021,利息收入,revenue,18416.0
KEF0B2D1C01,2021,其他收入,revenue,1582056.0
KEF0B2D1C01,2021,收入合計,total,11784105.0
KEF0B2D1C01,2021,人事費,expense,5557050.0
KEF0B2D1C01,2021,業務費,expense,289239.0
KEF0B2D1C01,2021,材料費,expense,905197.0
KEF0B2D1C01,2021,維護費,expense,19237.0
KEF0B2D1C01,2021,修繕購置費,expense,36558.0
KEF0B2D1C01,2021,公共事務管理費,expense,131000.0
KEF0B2D1C01,2021,雜支,expense,22085.0
KEF0B2D1C01,2021,行政管理費,expense,125760.0
KEF0B2D1C01,2021,業務發展費,expense,1704960.0
KEF0B2D1C01,2021,延後托育支出,expense,216811.0
KEF0B2D1C01,2021,其他支出,expense,1582056.0
KEF0B2D1C01,2021,支出合計,total,11243663.0
KEF0B2D1C01,2021,本期稅前餘絀,surplus,540442.0
KEF0B2D1C01,2021,所得稅費用,expense,29965.0
KEF0B2D1C01,2021,本期稅後餘絀,surplus,510477.0
KF3442B4BCB,2021,教保費收入,revenue,10185963.0
KF3442B4BCB,2021,教保費收入減項,revenue,-77749.0
KF3442B4BCB,2021,延後托育收入,revenue,565920.0
KF3442B4BCB,2021,利息收入,revenue,13204.0
KF3442B4BCB,2021,其他收入,revenue,1788653.0
KF3442B4BCB,2021,收入合計,total,12475991.0
KF3442B4BCB,2021,人事費,expense,6320807.0
KF3442B4BCB,2021,業務費,expense,211479.0
KF3442B4BCB,2021,材料費,expense,948815.0
KF3442B4BCB,2021,維護費,expense,71241.0
KF3442B4BCB,2021,修繕購置費,expense,94662.0
KF3442B4BCB,2021,雜支,expense,359.0
KF3442B4BCB,2021,行政管理費,expense,124440.0
KF3442B4BCB,2021,業務發展費,expense,1323000.0
KF3442B4BCB,2021,延後托育支出,expense,544975.0
KF3442B4BCB,2021,其他支出,expense,1788653.0
KF3442B4BCB,2021,支出合計,total,12159501.0
KF3442B4BCB,2021,本期稅前餘絀,surplus,316490.0
KF3442B4BCB,2021,所得稅費用,expense,47686.0
KF3442B4BCB,2021,本期稅後餘絀,surplus,268804.0
KBEC7666275,2021,教保費收入,revenue,10500532.0
KBEC7666275,2021,教保費收入減項,revenue,-114709.0
KBEC7666275,2021,延後托育收入,revenue,246495.0
KBEC7666275,2021,利息收入,revenue,1825.0
KBEC7666275,2021,其他收入,revenue,2091747.0
KBEC7666275,2021,收入合計,total,12725890.0
KBEC7666275,2021,人事費,expense,6594614.0
KBEC7666275,2021,業務費,expense,535164.0
KBEC7666275,2021,材料費,expense,1175179.0
KBEC7666275,2021,維護費,expense,73441.0
KBEC7666275,2021,修繕購置費,expense,140074.0
KBEC7666275,2021,雜支,expense,46805.0
KBEC7666275,2021,行政管理費,expense,147589.0
KBEC7666275,2021,業務發展費,expense,521550.0
KBEC7666275,2021,延後托育支出,expense,181881.0
KBEC7666275,2021,其他支出,expense,2091747.0
KBEC7666275,2021,支出合計,total,11508044.0
KBEC7666275,2021,本期稅前餘絀,surplus,1217846.0
KBEC7666275,2021,所得稅費用,expense,2144.0
KBEC7666275,2021,本期稅後餘絀,surplus,1215702.0
K506842339C,2021,教保費收入,revenue,9641447.0
K506842339C,2021,教保費收入減項,revenue,-51298.0
K506842339C,2021,延後托育收入,revenue,514200.0
K506842339C,2021,利息收入,revenue,9098.0
K506842339C,2021,其他收入,revenue,720808.0
K506842339C,2021,收入合計,total,10834255.0
K506842339C,2021,人事費,expense,5829309.0
K506842339C,2021,業務費,expense,193893.0
K506842339C,2021,材料費,expense,992196.0
K506842339C,2021,維護費,expense,55751.0
K506842339C,2021,修繕購置費,expense,121272.0
K506842339C,2021,雜支,expense,2900.0
K506842339C,2021,行政管理費,expense,191700.0
K506842339C,2021,業務發展費,expense,628000.0
K506842339C,2021,延後托育支出,expense,421305.0
K506842339C,2021,其他支出,expense,720808.0
K506842339C,2021,支出合計,total,9157134.0
K506842339C,2021,本期稅前餘絀,surplus,1677121.0
K506842339C,2021,所得稅費用,expense,18141.0
K506842339C,2021,本期稅後餘絀,surplus,1658980.0
K4574C62080,2021,教保費收入,revenue,11757709.0
K4574C62080,2021,教保費收入減項,revenue,-123405.0
K4574C62080,2021,延後托育收入,revenue,250710.0
K4574C62080,2021,利息收入,revenue,10138.0
K4574C62080,2021,其他收入,revenue,1117999.0
K4574C62080,2021,收入合計,total,13013151.0
K4574C62080,2021,人事費,expense,7280058.0
K4574C62080,2021,業務費,expense,401692.0
K4574C62080,2021,材料費,expense,1312386.0
K4574C62080,2021,維護費,expense,23017.0
K4574C62080,2021,修繕購置費,expense,310390.0
K4574C62080,2021,雜支,expense,10404.0
K4574C62080,2021,行政管理費,expense,243980.0
K4574C62080,2021,業務發展費,expense,366000.0
K4574C62080,2021,延後托育支出,expense,166508.0
K4574C62080,2021,其他支出,expense,1117999.0
K4574C62080,2021,支出合計,total,11232434.0
K4574C62080,2021,本期稅前餘絀,surplus,1780717.0
K4574C62080,2021,本期稅後餘絀,surplus,1780717.0
K67BABA0726,2021,教保費收入,revenue,11846341.0
K67BABA0726,2021,教保費收入減項,revenue,-185546.0
K67BABA0726,2021,延後托育收入,revenue,313080.0
K67BABA0726,2021,利息收入,revenue,17145.0
K67BABA0726,2021,其他收入,revenue,582502.0
K67BABA0726,2021,收入合計,total,12558092.0
K67BABA0726,2021,人事費,expense,6187424.0
K67BABA0726,2021,業務費,expense,549078.0
K67BABA0726,2021,材料費,expense,1602682.0
K67BABA0726,2021,維護費,expense,130826.0
K67BABA0726,2021,修繕購置費,expense,166360.0
K67BABA0726,2021,雜支,expense,46727.0
K67BABA0726,2021,行政管理費,expense,260780.0
K67BABA0726,2021,業務發展費,expense,1166000.0
K67BABA0726,2021,延後托育支出,expense,193098.0
K67BABA0726,2021,其他支出,expense,582502.0
K67BABA0726,2021,支出合計,total,10885477.0
K67BABA0726,2021,本期稅前餘絀,surplus,1672615.0
K67BABA0726,2021,本期稅後餘絀,surplus,1672615.0
KDD826D2227,2021,教保費收入,revenue,11737237.0
KDD826D2227,2021,教保費收入減項,revenue,-138719.0
KDD826D2227,2021,延後托育收入,revenue,284680.0
KDD826D2227,2021,利息收入,revenue,527.0
KDD826D2227,2021,其他收入,revenue,776698.0
KDD826D2227,2021,收入合計,total,12660423.0
KDD826D2227,2021,人事費,expense,6791109.0
KDD826D2227,2021,業務費,expense,274324.0
KDD826D2227,2021,材料費,expense,1037010.0
KDD826D2227,2021,維護費,expense,35577.0
KDD826D2227,2021,修繕購置費,expense,111593.0
KDD826D2227,2021,雜支,expense,2854.0
KDD826D2227,2021,行政管理費,expense,239682.0
KDD826D2227,2021,業務發展費,expense,954179.0
KDD826D2227,2021,延後托育支出,expense,169845.0
KDD826D2227,2021,其他支出,expense,776698.0
KDD826D2227,2021,支出合計,total,10392871.0
KDD826D2227,2021,本期稅前餘絀,surplus,2267552.0
KDD826D2227,2021,所得稅費用,expense,18945.0
KDD826D2227,2021,本期稅後餘絀,surplus,2248607.0
K6E947C0B9C,2021,教保費收入,revenue,10296228.0
K6E947C0B9C,2021,教保費收入減項,revenue,-573838.0
K6E947C0B9C,2021,延後托育收入,revenue,170520.0
K6E947C0B9C,2021,利息收入,revenue,1761.0
K6E947C0B9C,2021,其他收入,revenue,1092418.0
K6E947C0B9C,2021,收入合計,total,10987089.0
K6E947C0B9C,2021,人事費,expense,6385242.0
K6E947C0B9C,2021,業務費,expense,446160.0
K6E947C0B9C,2021,材料費,expense,1150067.0
K6E947C0B9C,2021,維護費,expense,25445.0
K6E947C0B9C,2021,修繕購置費,expense,208932.0
K6E947C0B9C,2021,雜支,expense,36474.0
K6E947C0B9C,2021,行政管理費,expense,203554.0
K6E947C0B9C,2021,延後托育支出,expense,170520.0
K6E947C0B9C,2021,其他支出,expense,1092418.0
K6E947C0B9C,2021,支出合計,total,9718812.0
K6E947C0B9C,2021,本期稅後餘絀,surplus,1268277.0
K2415A70C05,2022,教保費收入,revenue,16337854.0
K2415A70C05,2022,教保費收入減項,revenue,-110047.0
K2415A70C05,2022,延後托育收入,revenue,294043.0
K2415A70C05,2022,利息收入,revenue,69934.0
K2415A70C05,2022,其他收入,revenue,801623.0
K2415A70C05,2022,收入合計,total,17393407.0
K2415A70C05,2022,人事費,expense,11539967.0
K2415A70C05,2022,業務費,expense,401715.0
K2415A70C05,2022,材料費,expense,2084531.0
K2415A70C05,2022,維護費,expense,40666.0
K2415A70C05,2022,修繕購置費,expense,58005.0
K2415A70C05,2022,雜支,expense,21679.0
K2415A70C05,2022,行政管理費,expense,293292.0
K2415A70C05,2022,業務發展費,expense,1300000.0
K2415A70C05,2022,延後托育支出,expense,202057.0
K2415A70C05,2022,其他支出,expense,801623.0
K2415A70C05,2022,支出合計,total,16743535.0
K2415A70C05,2022,本期稅前餘絀,surplus,649872.0
K2415A70C05,2022,本期稅後餘絀,surplus,649872.0
K15CCE45A4E,2022,教保費收入,revenue,10232832.0
K15CCE45A4E,2022,教保費收入減項,revenue,-99244.0
K15CCE45A4E,2022,延後托育收入,revenue,237300.0
K15CCE45A4E,2022,利息收入,revenue,37036.0
K15CCE45A4E,2022,其他收入,revenue,2293328.0
K15CCE45A4E,2022,收入合計,total,12701252.0
K15CCE45A4E,2022,人事費,expense,7286602.0
K15CCE45A4E,2022,業務費,expense,505083.0
K15CCE45A4E,2022,材料費,expense,1115609.0
K15CCE45A4E,2022,維護費,expense,52748.0
K15CCE45A4E,2022,修繕購置費,expense,24821.0
K15CCE45A4E,2022,公共事務管理費,expense,23499.0
K15CCE45A4E,2022,雜支,expense,3120.0
K15CCE45A4E,2022,行政管理費,expense,125430.0
K15CCE45A4E,2022,業務發展費,expense,620000.0
K15CCE45A4E,2022,延後托育支出,expense,237151.0
K15CCE45A4E,2022,其他支出,expense,2293328.0
K15CCE45A4E,2022,支出合計,total,12287391.0
K15CCE45A4E,2022,本期稅前餘絀,surplus,413861.0
K15CCE45A4E,2022,本期稅後餘絀,surplus,413861.0
K54E0E6A4A2,2022,教保費收入,revenue,10081365.0
K54E0E6A4A2,2022,教保費收入減項,revenue,-90327.0
K54E0E6A4A2,2022,延後托育收入,revenue,342390.0
K54E0E6A4A2,2022,利息收入,revenue,29028.0
K54E0E6A4A2,2022,其他收入,revenue,1853498.0
K54E0E6A4A2,2022,收入合計,total,12215954.0
K54E0E6A4A2,2022,人事費,expense,6737493.0
K54E0E6A4A2,2022,業務費,expense,419663.0
K54E0E6A4A2,2022,材料費,expense,1198211.0
K54E0E6A4A2,2022,維護費,expense,104079.0
K54E0E6A4A2,2022,修繕購置費,expense,125945.0
K54E0E6A4A2,2022,雜支,expense,15014.0
K54E0E6A4A2,2022,行政管理費,expense,117840.0
K54E0E6A4A2,2022,業務發展費,expense,1000000.0
K54E0E6A4A2,2022,延後托育支出,expense,293111.0
K54E0E6A4A2,2022,其他支出,expense,1853498.0
K54E0E6A4A2,2022,支出合計,total,11864854.0
K54E0E6A4A2,2022,本期稅前餘絀,surplus,351100.0
K54E0E6A4A2,2022,本期稅後餘絀,surplus,351100.0
KDF998FD925,2022,教保費收入,revenue,6214320.0
KDF998FD925,2022,教保費收入減項,revenue,-33833.0
KDF998FD925,2022,延後托育收入,revenue,332867.0
KDF998FD925,2022,利息收入,revenue,32860.0
KDF998FD925,2022,其他收入,revenue,1219083.0
KDF998FD925,2022,收入合計,total,7765295.0
KDF998FD925,2022,人事費,expense,4018056.0
KDF998FD925,2022,業務費,expense,375935.0
KDF998FD925,2022,材料費,expense,1040430.0
KDF998FD925,2022,維護費,expense,85436.0
KDF998FD925,2022,修繕購置費,expense,166999.0
KDF998FD925,2022,雜支,expense,22233.0
KDF998FD925,2022,行政管理費,expense,90012.0
KDF998FD925,2022,業務發展費,expense,480000.0
KDF998FD925,2022,延後托育支出,expense,180909.0
KDF998FD925,2022,其他支出,expense,1219083.0
KDF998FD925,2022,支出合計,total,7679993.0
KDF998FD925,2022,本期稅前餘絀,surplus,85302.0
KDF998FD925,2022,本期稅後餘絀,surplus,85302.0
K25B89B6B3E,2022,教保費收入,revenue,9024121.0
K25B89B6B3E,2022,延後托育收入,revenue,490290.0
K25B89B6B3E,2022,利息收入,revenue,39517.0
K25B89B6B3E,2022,其他收入,revenue,2463788.0
K25B89B6B3E,2022,收入合計,total,11976524.0
K25B89B6B3E,2022,人事費,expense,6412661.0
K25B89B6B3E,2022,業務費,expense,412723.0
K25B89B6B3E,2022,材料費,expense,1086820.0
K25B89B6B3E,2022,維護費,expense,147265.0
K25B89B6B3E,2022,修繕購置費,expense,46170.0
K25B89B6B3E,2022,雜支,expense,34343.0
K25B89B6B3E,2022,行政管理費,expense,112681.0
K25B89B6B3E,2022,業務發展費,expense,744800.0
K25B89B6B3E,2022,延後托育支出,expense,408622.0
K25B89B6B3E,2022,其他支出,expense,2463788.0
K25B89B6B3E,2022,支出合計,total,11869873.0
K25B89B6B3E,2022,本期稅前餘絀,surplus,106651.0
K25B89B6B3E,2022,本期稅後餘絀,surplus,106651.0
KB7027794AA,2022,教保費收入,revenue,11744640.0
KB7027794AA,2022,教保費收入減項,revenue,-99799.0
KB7027794AA,2022,延後托育收入,revenue,281880.0
KB7027794AA,2022,利息收入,revenue,38872.0
KB7027794AA,2022,其他收入,revenue,2000383.0
KB7027794AA,2022,收入合計,total,13965976.0
KB7027794AA,2022,人事費,expense,7770536.0
KB7027794AA,2022,業務費,expense,559276.0
KB7027794AA,2022,材料費,expense,1575211.0
KB7027794AA,2022,維護費,expense,73263.0
KB7027794AA,2022,修繕購置費,expense,168000.0
KB7027794AA,2022,雜支,expense,12058.0
KB7027794AA,2022,行政管理費,expense,262780.0
KB7027794AA,2022,業務發展費,expense,1382600.0
KB7027794AA,2022,延後托育支出,expense,281821.0
KB7027794AA,2022,其他支出,expense,2000383.0
KB7027794AA,2022,支出合計,total,14033020.0
KB7027794AA,2022,本期稅前餘絀,surplus,-67044.0
KB7027794AA,2022,本期稅後餘絀,surplus,-67044.0
KA17D8F5F9A,2022,教保費收入,revenue,20293031.0
KA17D8F5F9A,2022,教保費收入減項,revenue,-209773.0
KA17D8F5F9A,2022,延後托育收入,revenue,291910.0
KA17D8F5F9A,2022,利息收入,revenue,67581.0
KA17D8F5F9A,2022,其他收入,revenue,1412744.0
KA17D8F5F9A,2022,收入合計,total,21855494.0
KA17D8F5F9A,2022,人事費,expense,14516199.0
KA17D8F5F9A,2022,業務費,expense,588451.0
KA17D8F5F9A,2022,材料費,expense,2312942.0
KA17D8F5F9A,2022,維護費,expense,191755.0
KA17D8F5F9A,2022,修繕購置費,expense,227960.0
KA17D8F5F9A,2022,雜支,expense,30268.0
KA17D8F5F9A,2022,行政管理費,expense,358913.0
KA17D8F5F9A,2022,業務發展費,expense,1400000.0
KA17D8F5F9A,2022,延後托育支出,expense,291910.0
KA17D8F5F9A,2022,其他支出,expense,1412744.0
KA17D8F5F9A,2022,呆帳損失,expense,1714.0
KA17D8F5F9A,2022,支出合計,total,21332856.0
KA17D8F5F9A,2022,本期稅前餘絀,surplus,522638.0
KA17D8F5F9A,2022,本期稅後餘絀,surplus,522638.0
K9FE59C70CF,2022,教保費收入,revenue,11365099.0
K9FE59C70CF,2022,教保費收入減項,revenue,-61408.0
K9FE59C70CF,2022,延後托育收入,revenue,254145.0
K9FE59C70CF,2022,利息收入,revenue,35454.0
K9FE59C70CF,2022,其他收入,revenue,2616558.0
K9FE59C70CF,2022,收入合計,total,14209848.0
K9FE59C70CF,2022,人事費,expense,7382340.0
K9FE59C70CF,2022,業務費,expense,415654.0
K9FE59C70CF,2022,材料費,expense,1126007.0
K9FE59C70CF,2022,維護費,expense,108915.0
K9FE59C70CF,2022,修繕購置費,expense,153431.0
K9FE59C70CF,2022,雜支,expense,13310.0
K9FE59C70CF,2022,行政管理費,expense,241682.0
K9FE59C70CF,2022,業務發展費,expense,1573640.0
K9FE59C70CF,2022,延後托育支出,expense,134092.0
K9FE59C70CF,2022,其他支出,expense,2616558.0
K9FE59C70CF,2022,支出合計,total,13753629.0
K9FE59C70CF,2022,本期稅前餘絀,surplus,456219.0
K9FE59C70CF,2022,本期稅後餘絀,surplus,456219.0
K5BDC0C740F,2022,教保費收入,revenue,6981806.0
K5BDC0C740F,2022,教保費收入減項,revenue,-24171.0
K5BDC0C740F,2022,延後托育收入,revenue,650220.0
K5BDC0C740F,2022,利息收入,revenue,41897.0
K5BDC0C740F,2022,其他收入,revenue,1475690.0
K5BDC0C740F,2022,收入合計,total,9125442.0
K5BDC0C740F,2022,人事費,expense,4104465.0
K5BDC0C740F,2022,業務費,expense,356779.0
K5BDC0C740F,2022,材料費,expense,798212.0
K5BDC0C740F,2022,維護費,expense,136426.0
K5BDC0C740F,2022,修繕購置費,expense,68974.0
K5BDC0C740F,2022,公共事務管理費,expense,72360.0
K5BDC0C740F,2022,雜支,expense,3487.0
K5BDC0C740F,2022,行政管理費,expense,147220.0
K5BDC0C740F,2022,業務發展費,expense,13375000.0
K5BDC0C740F,2022,延後托育支出,expense,345177.0
K5BDC0C740F,2022,其他支出,expense,1475690.0
K5BDC0C740F,2022,支出合計,total,8883790.0
K5BDC0C740F,2022,本期稅前餘絀,surplus,241652.0
K5BDC0C740F,2022,本期稅後餘絀,surplus,241652.0
K9A79920811,2022,教保費收入,revenue,12450187.0
K9A79920811,2022,教保費收入減項,revenue,-124758.0
K9A79920811,2022,延後托育收入,revenue,332815.0
K9A79920811,2022,利息收入,revenue,53302.0
K9A79920811,2022,其他收入,revenue,2400857.0
K9A79920811,2022,收入合計,total,15112403.0
K9A79920811,2022,人事費,expense,8970981.0
K9A79920811,2022,業務費,expense,607365.0
K9A79920811,2022,材料費,expense,1596789.0
K9A79920811,2022,維護費,expense,62802.0
K9A79920811,2022,修繕購置費,expense,145300.0
K9A79920811,2022,雜支,expense,4422.0
K9A79920811,2022,行政管理費,expense,239682.0
K9A79920811,2022,業務發展費,expense,570000.0
K9A79920811,2022,延後托育支出,expense,320239.0
K9A79920811,2022,其他支出,expense,2400857.0
K9A79920811,2022,支出合計,total,14918437.0
K9A79920811,2022,本期稅前餘絀,surplus,193966.0
K9A79920811,2022,本期稅後餘絀,surplus,193966.0
KF31C21F4B0,2022,教保費收入,revenue,15053592.0
KF31C21F4B0,2022,教保費收入減項,revenue,-160328.0
KF31C21F4B0,2022,延後托育收入,revenue,193980.0
KF31C21F4B0,2022,利息收入,revenue,90882.0
KF31C21F4B0,2022,其他收入,revenue,1211798.0
KF31C21F4B0,2022,收入合計,total,16389924.0
KF31C21F4B0,2022,人事費,expense,11076596.0
KF31C21F4B0,2022,業務費,expense,583371.0
KF31C21F4B0,2022,材料費,expense,1923090.0
KF31C21F4B0,2022,維護費,expense,86949.0
KF31C21F4B0,2022,修繕購置費,expense,190213.0
KF31C21F4B0,2022,雜支,expense,42042.0
KF31C21F4B0,2022,行政管理費,expense,292892.0
KF31C21F4B0,2022,業務發展費,expense,730000.0
KF31C21F4B0,2022,延後托育支出,expense,193980.0
KF31C21F4B0,2022,其他支出,expense,1211798.0
KF31C21F4B0,2022,支出合計,total,16330931.0
KF31C21F4B0,2022,本期稅前餘絀,surplus,58993.0
KF31C21F4B0,2022,本期稅後餘絀,surplus,58993.0
K633CC054A3,2022,教保費收入,revenue,11018441.0
K633CC054A3,2022,教保費收入減項,revenue,-101211.0
K633CC054A3,2022,延後托育收入,revenue,93400.0
K633CC054A3,2022,利息收入,revenue,3538.0
K633CC054A3,2022,其他收入,revenue,105416.0
K633CC054A3,2022,收入合計,total,1151427.0
K633CC054A3,2022,人事費,expense,7001260.0
K633CC054A3,2022,業務費,expense,397097.0
K633CC054A3,2022,材料費,expense,948245.0
K633CC054A3,2022,維護費,expense,70633.0
K633CC054A3,2022,修繕購置費,expense,123246.0
K633CC054A3,2022,雜支,expense,5550.0
K633CC054A3,2022,行政管理費,expense,203300.0
K633CC054A3,2022,業務發展費,expense,1000000.0
K633CC054A3,2022,延後托育支出,expense,76722.0
K633CC054A3,2022,其他支出,expense,105416.0
K633CC054A3,2022,支出合計,total,10831469.0
K633CC054A3,2022,本期稅前餘絀,surplus,319058.0
K633CC054A3,2022,本期稅後餘絀,surplus,319958.0
KBDDA1A2637,2022,教保費收入,revenue,11124960.0
KBDDA1A2637,2022,教保費收入減項,revenue,-95341.0
KBDDA1A2637,2022,延後托育收入,revenue,119900.0
KBDDA1A2637,2022,利息收入,revenue,69407.0
KBDDA1A2637,2022,其他收入,revenue,544964.0
KBDDA1A2637,2022,收入合計,total,11763890.0
KBDDA1A2637,2022,人事費,expense,7732482.0
KBDDA1A2637,2022,業務費,expense,524063.0
KBDDA1A2637,2022,材料費,expense,1135621.0
KBDDA1A2637,2022,維護費,expense,85724.0
KBDDA1A2637,2022,修繕購置費,expense,126839.0
KBDDA1A2637,2022,雜支,expense,27006.0
KBDDA1A2637,2022,行政管理費,expense,203300.0
KBDDA1A2637,2022,業務發展費,expense,1100000.0
KBDDA1A2637,2022,延後托育支出,expense,71695.0
KBDDA1A2637,2022,其他支出,expense,544964.0
KBDDA1A2637,2022,支出合計,total,11551694.0
KBDDA1A2637,2022,本期稅前餘絀,surplus,212196.0
KBDDA1A2637,2022,本期稅後餘絀,surplus,212196.0
K8D89087028,2022,教保費收入,revenue,0.0
K8D89087028,2022,教保費收入減項,revenue,14.0
K8D89087028,2022,延後托育收入,revenue,497275.0
K8D89087028,2022,利息收入,revenue,35946.0
K8D89087028,2022,其他收入,revenue,2126999.0
K8D89087028,2022,收入合計,total,15301795.0
K8D89087028,2022,人事費,expense,9226443.0
K8D89087028,2022,業務費,expense,390198.0
K8D89087028,2022,材料費,expense,1261320.0
K8D89087028,2022,維護費,expense,126802.0
K8D89087028,2022,修繕購置費,expense,77852.0
K8D89087028,2022,雜支,expense,3263.0
K8D89087028,2022,行政管理費,expense,239682.0
K8D89087028,2022,業務發展費,expense,1208000.0
K8D89087028,2022,延後托育支出,expense,464097.0
K8D89087028,2022,其他支出,expense,2126999.0
K8D89087028,2022,支出合計,total,15124656.0
K8D89087028,2022,本期稅前餘絀,surplus,177139.0
K8D89087028,2022,本期稅後餘絀,surplus,177139.0
K1903EBE606,2022,教保費收入,revenue,21109394.0
K1903EBE606,2022,教保費收入減項,revenue,-178660.0
K1903EBE606,2022,延後托育收入,revenue,540610.0
K1903EBE606,2022,利息收入,revenue,44030.0
K1903EBE606,2022,其他收入,revenue,2560244.0
K1903EBE606,2022,收入合計,total,24075618.0
K1903EBE606,2022,人事費,expense,14262637.0
K1903EBE606,2022,業務費,expense,426214.0
K1903EBE606,2022,材料費,expense,1734019.0
K1903EBE606,2022,維護費,expense,61619.0
K1903EBE606,2022,修繕購置費,expense,107434.0
K1903EBE606,2022,雜支,expense,4150.0
K1903EBE606,2022,行政管理費,expense,354113.0
K1903EBE606,2022,業務發展費,expense,3653150.0
K1903EBE606,2022,延後托育支出,expense,303491.0
K1903EBE606,2022,其他支出,expense,2560244.0
K1903EBE606,2022,支出合計,total,23467071.0
K1903EBE606,2022,本期稅前餘絀,surplus,607647.0
K1903EBE606,2022,本期稅後餘絀,surplus,607647.0
K67A61067B3,2022,教保費收入,revenue,12648031.0
K67A61067B3,2022,教保費收入減項,revenue,-84739.0
K67A61067B3,2022,延後托育收入,revenue,412320.0
K67A61067B3,2022,利息收入,revenue,57904.0
K67A61067B3,2022,其他收入,revenue,2510862.0
K67A61067B3,2022,收入合計,total,15544378.0
K67A61067B3,2022,人事費,expense,8646665.0
K67A61067B3,2022,業務費,expense,435252.0
K67A61067B3,2022,材料費,expense,1696640.0
K67A61067B3,2022,維護費,expense,44892.0
K67A61067B3,2022,修繕購置費,expense,118013.0
K67A61067B3,2022,雜支,expense,11161.0
K67A61067B3,2022,行政管理費,expense,360780.0
K67A61067B3,2022,業務發展費,expense,1396000.0
K67A61067B3,2022,延後托育支出,expense,412320.0
K67A61067B3,2022,其他支出,expense,2510862.0
K67A61067B3,2022,支出合計,total,15532585.0
K67A61067B3,2022,本期稅前餘絀,surplus,11793.0
K67A61067B3,2022,本期稅後餘絀,surplus,11793.0
K81731FCDA3,2022,教保費收入,revenue,15201816.0
K81731FCDA3,2022,教保費收入減項,revenue,-275455.0
K81731FCDA3,2022,延後托育收入,revenue,381610.0
K81731FCDA3,2022,利息收入,revenue,45858.0
K81731FCDA3,2022,其他收入,revenue,1601725.0
K81731FCDA3,2022,收入合計,total,16955554.0
K81731FCDA3,2022,人事費,expense,10636839.0
K81731FCDA3,2022,業務費,expense,442738.0
K81731FCDA3,2022,材料費,expense,1677112.0
K81731FCDA3,2022,維護費,expense,68584.0
K81731FCDA3,2022,修繕購置費,expense,167282.0
K81731FCDA3,2022,雜支,expense,35173.0
K81731FCDA3,2022,行政管理費,expense,293292.0
K81731FCDA3,2022,業務發展費,expense,509500.0
K81731FCDA3,2022,延後托育支出,expense,343225.0
K81731FCDA3,2022,其他支出,expense,1601725.0
K81731FCDA3,2022,支出合計,total,15775470.0
K81731FCDA3,2022,本期稅前餘絀,surplus,1180084.0
K81731FCDA3,2022,本期稅後餘絀,surplus,1180084.0
KE2E8B37088,2022,教保費收入,revenue,12621451.0
KE2E8B37088,2022,教保費收入減項,revenue,-103180.0
KE2E8B37088,2022,延後托育收入,revenue,484375.0
KE2E8B37088,2022,利息收入,revenue,50243.0
KE2E8B37088,2022,其他收入,revenue,1927610.0
KE2E8B37088,2022,收入合計,total,14080499.0
KE2E8B37088,2022,人事費,expense,8845271.0
KE2E8B37088,2022,業務費,expense,435559.0
KE2E8B37088,2022,材料費,expense,1819194.0
KE2E8B37088,2022,維護費,expense,135536.0
KE2E8B37088,2022,修繕購置費,expense,167134.0
KE2E8B37088,2022,雜支,expense,13647.0
KE2E8B37088,2022,行政管理費,expense,260780.0
KE2E8B37088,2022,業務發展費,expense,890000.0
KE2E8B37088,2022,延後托育支出,expense,364800.0
KE2E8B37088,2022,其他支出,expense,127610.0
KE2E8B37088,2022,支出合計,total,14859531.0
KE2E8B37088,2022,本期稅前餘絀,surplus,120968.0
KE2E8B37088,2022,所得稅費用,expense,3945.0
KE2E8B37088,2022,本期稅後餘絀,surplus,117023.0
KF984F05B3B,2022,教保費收入,revenue,5.0
KF984F05B3B,2022,教保費收入減項,revenue,-1098654.0
KF984F05B3B,2022,延後托育收入,revenue,2.0
KF984F05B3B,2022,利息收入,revenue,38066.0
KF984F05B3B,2022,其他收入,revenue,3632518.0
KF984F05B3B,2022,收入合計,total,16335675.0
KF984F05B3B,2022,人事費,expense,8582980.0
KF984F05B3B,2022,業務費,expense,515572.0
KF984F05B3B,2022,材料費,expense,1673227.0
KF984F05B3B,2022,維護費,expense,79128.0
KF984F05B3B,2022,修繕購置費,expense,134338.0
KF984F05B3B,2022,雜支,expense,32666.0
KF984F05B3B,2022,行政管理費,expense,170983.0
KF984F05B3B,2022,業務發展費,expense,980000.0
KF984F05B3B,2022,延後托育支出,expense,347430.0
KF984F05B3B,2022,其他支出,expense,3632518.0
KF984F05B3B,2022,支出合計,total,16148842.0
KF984F05B3B,2022,本期稅前餘絀,surplus,186833.0
KF984F05B3B,2022,所得稅費用,expense,1.0
KF984F05B3B,2022,本期稅後餘絀,surplus,186833.0
K557631E383,2022,教保費收入,revenue,15241554.0
K557631E383,2022,教保費收入減項,revenue,-139135.0
K557631E383,2022,延後托育收入,revenue,759480.0
K557631E383,2022,利息收入,revenue,32334.0
K557631E383,2022,其他收入,revenue,3471196.0
K557631E383,2022,收入合計,total,19365429.0
K557631E383,2022,人事費,expense,10307328.0
K557631E383,2022,業務費,expense,806304.0
K557631E383,2022,材料費,expense,2092018.0
K557631E383,2022,維護費,expense,156865.0
K557631E383,2022,修繕購置費,expense,160723.0
K557631E383,2022,雜支,expense,48071.0
K557631E383,2022,行政管理費,expense,196420.0
K557631E383,2022,延後托育支出,expense,475999.0
K557631E383,2022,其他支出,expense,3471196.0
K557631E383,2022,支出合計,total,17714924.0
K557631E383,2022,本期稅前餘絀,surplus,1650505.0
K557631E383,2022,本期稅後餘絀,surplus,1650505.0
KEF0B2D1C01,2022,教保費收入,revenue,10231920.0
KEF0B2D1C01,2022,教保費收入減項,revenue,-144679.0
KEF0B2D1C01,2022,延後托育收入,revenue,199245.0
KEF0B2D1C01,2022,利息收入,revenue,44944.0
KEF0B2D1C01,2022,其他收入,revenue,2196066.0
KEF0B2D1C01,2022,收入合計,total,12527496.0
KEF0B2D1C01,2022,人事費,expense,5405235.0
KEF0B2D1C01,2022,業務費,expense,300527.0
KEF0B2D1C01,2022,材料費,expense,941354.0
KEF0B2D1C01,2022,維護費,expense,70252.0
KEF0B2D1C01,2022,修繕購置費,expense,61891.0
KEF0B2D1C01,2022,公共事務管理費,expense,131000.0
KEF0B2D1C01,2022,雜支,expense,20548.0
KEF0B2D1C01,2022,行政管理費,expense,125760.0
KEF0B2D1C01,2022,業務發展費,expense,1703000.0
KEF0B2D1C01,2022,延後托育支出,expense,168946.0
KEF0B2D1C01,2022,其他支出,expense,2196066.0
KEF0B2D1C01,2022,支出合計,total,11810719.0
KEF0B2D1C01,2022,本期稅前餘絀,surplus,716777.0
KEF0B2D1C01,2022,本期稅後餘絀,surplus,716777.0
KF3442B4BCB,2022,教保費收入,revenue,10141140.0
KF3442B4BCB,2022,教保費收入減項,revenue,-111537.0
KF3442B4BCB,2022,延後托育收入,revenue,628710.0
KF3442B4BCB,2022,利息收入,revenue,58606.0
KF3442B4BCB,2022,其他收入,revenue,2636325.0
KF3442B4BCB,2022,收入合計,total,13353244.0
KF3442B4BCB,2022,人事費,expense,6071285.0
KF3442B4BCB,2022,業務費,expense,216419.0
KF3442B4BCB,2022,材料費,expense,1040033.0
KF3442B4BCB,2022,維護費,expense,45508.0
KF3442B4BCB,2022,修繕購置費,expense,46782.0
KF3442B4BCB,2022,雜支,expense,918.0
KF3442B4BCB,2022,行政管理費,expense,124440.0
KF3442B4BCB,2022,業務發展費,expense,1580000.0
KF3442B4BCB,2022,延後托育支出,expense,527664.0
KF3442B4BCB,2022,其他支出,expense,2636325.0
KF3442B4BCB,2022,支出合計,total,13050654.0
KF3442B4BCB,2022,本期稅前餘絀,surplus,302590.0
KF3442B4BCB,2022,本期稅後餘絀,surplus,302590.0
KBEC7666275,2022,教保費收入,revenue,10529131.0
KBEC7666275,2022,教保費收入減項,revenue,-238428.0
KBEC7666275,2022,延後托育收入,revenue,214485.0
KBEC7666275,2022,利息收入,revenue,180980.0
KBEC7666275,2022,其他收入,revenue,2493958.0
KBEC7666275,2022,收入合計,total,13018126.0
KBEC7666275,2022,人事費,expense,6714037.0
KBEC7666275,2022,業務費,expense,553298.0
KBEC7666275,2022,材料費,expense,1127708.0
KBEC7666275,2022,維護費,expense,75333.0
KBEC7666275,2022,修繕購置費,expense,109735.0
KBEC7666275,2022,雜支,expense,44239.0
KBEC7666275,2022,行政管理費,expense,147589.0
KBEC7666275,2022,業務發展費,expense,1052100.0
KBEC7666275,2022,延後托育支出,expense,210363.0
KBEC7666275,2022,其他支出,expense,2493958.0
KBEC7666275,2022,支出合計,total,12528360.0
KBEC7666275,2022,本期稅前餘絀,surplus,489766.0
KBEC7666275,2022,本期稅後餘絀,surplus,489766.0
K506842339C,2022,教保費收入,revenue,9626000.0
K506842339C,2022,教保費收入減項,revenue,-98862.0
K506842339C,2022,延後托育收入,revenue,552300.0
K506842339C,2022,利息收入,revenue,45094.0
K506842339C,2022,其他收入,revenue,1592055.0
K506842339C,2022,收入合計,total,11717487.0
K506842339C,2022,人事費,expense,5930070.0
K506842339C,2022,業務費,expense,243980.0
K506842339C,2022,材料費,expense,1104094.0
K506842339C,2022,維護費,expense,80244.0
K506842339C,2022,修繕購置費,expense,110008.0
K506842339C,2022,雜支,expense,1660.0
K506842339C,2022,行政管理費,expense,191700.0
K506842339C,2022,業務發展費,expense,1925000.0
K506842339C,2022,延後托育支出,expense,365900.0
K506842339C,2022,其他支出,expense,1592055.0
K506842339C,2022,支出合計,total,11546511.0
K506842339C,2022,本期稅前餘絀,surplus,170976.0
K506842339C,2022,本期稅後餘絀,surplus,170076.0
K4574C62080,2022,教保費收入,revenue,11776298.0
K4574C62080,2022,教保費收入減項,revenue,-132709.0
K4574C62080,2022,延後托育收入,revenue,344070.0
K4574C62080,2022,利息收入,revenue,35278.0
K4574C62080,2022,其他收入,revenue,2621199.0
K4574C62080,2022,收入合計,total,14644136.0
K4574C62080,2022,人事費,expense,7877577.0
K4574C62080,2022,業務費,expense,447536.0
K4574C62080,2022,材料費,expense,1545579.0
K4574C62080,2022,維護費,expense,20711.0
K4574C62080,2022,修繕購置費,expense,166399.0
K4574C62080,2022,雜支,expense,12468.0
K4574C62080,2022,行政管理費,expense,243980.0
K4574C62080,2022,業務發展費,expense,1678000.0
K4574C62080,2022,延後托育支出,expense,226059.0
K4574C62080,2022,其他支出,expense,2621199.0
K4574C62080,2022,支出合計,total,14839508.0
K4574C62080,2022,本期稅前餘絀,surplus,-195372.0
K4574C62080,2022,本期稅後餘絀,surplus,-195372.0
K67BABA0726,2022,教保費收入,revenue,12142656.0
K67BABA0726,2022,教保費收入減項,revenue,-291131.0
K67BABA0726,2022,延後托育收入,revenue,310280.0
K67BABA0726,2022,利息收入,revenue,34550.0
K67BABA0726,2022,其他收入,revenue,1179952.0
K67BABA0726,2022,收入合計,total,13376316.0
K67BABA0726,2022,人事費,expense,7228314.0
K67BABA0726,2022,業務費,expense,558702.0
K67BABA0726,2022,材料費,expense,1841041.0
K67BABA0726,2022,維護費,expense,104389.0
K67BABA0726,2022,修繕購置費,expense,15917.0
K67BABA0726,2022,雜支,expense,33004.0
K67BABA0726,2022,行政管理費,expense,260780.0
K67BABA0726,2022,延後托育支出,expense,285367.0
K67BABA0726,2022,其他支出,expense,1179052.0
K67BABA0726,2022,支出合計,total,11650727.0
K67BABA0726,2022,本期稅前餘絀,surplus,1725589.0
K67BABA0726,2022,本期稅後餘絀,surplus,1725589.0
KDD826D2227,2022,教保費收入,revenue,11685529.0
KDD826D2227,2022,教保費收入減項,revenue,-138608.0
KDD826D2227,2022,延後托育收入,revenue,404480.0
KDD826D2227,2022,利息收入,revenue,26316.0
KDD826D2227,2022,其他收入,revenue,1644456.0
KDD826D2227,2022,收入合計,total,13622173.0
KDD826D2227,2022,人事費,expense,7235158.0
KDD826D2227,2022,業務費,expense,265794.0
KDD826D2227,2022,材料費,expense,1243320.0
KDD826D2227,2022,維護費,expense,42266.0
KDD826D2227,2022,修繕購置費,expense,154575.0
KDD826D2227,2022,雜支,expense,160.0
KDD826D2227,2022,行政管理費,expense,239682.0
KDD826D2227,2022,業務發展費,expense,2329334.0
KDD826D2227,2022,延後托育支出,expense,218246.0
KDD826D2227,2022,其他支出,expense,1644456.0
KDD826D2227,2022,支出合計,total,13372991.0
KDD826D2227,2022,本期稅前餘絀,surplus,249182.0
KDD826D2227,2022,本期稅後餘絀,surplus,249182.0
K6E947C0B9C,2022,教保費收入,revenue,22705452.0
K6E947C0B9C,2022,教保費收入減項,revenue,-321785.0
K6E947C0B9C,2022,延後托育收入,revenue,498000.0
K6E947C0B9C,2022,利息收入,revenue,31308.0
K6E947C0B9C,2022,其他收入,revenue,2017034.0
K6E947C0B9C,2022,收入合計,total,24930009.0
K6E947C0B9C,2022,人事費,expense,15206445.0
K6E947C0B9C,2022,業務費,expense,1059548.0
K6E947C0B9C,2022,材料費,expense,2285769.0
K6E947C0B9C,2022,維護費,expense,97182.0
K6E947C0B9C,2022,修繕購置費,expense,321732.0
K6E947C0B9C,2022,雜支,expense,69335.0
K6E947C0B9C,2022,行政管理費,expense,400000.0
K6E947C0B9C,2022,業務發展費,expense,1467200.0
K6E947C0B9C,2022,延後托育支出,expense,468400.0
K6E947C0B9C,2022,其他支出,expense,2017934.0
K6E947C0B9C,2022,支出合計,total,23393545.0
K6E947C0B9C,2022,本期稅前餘絀,surplus,1537364.0
K6E947C0B9C,2022,本期稅後餘絀,surplus,1537364.0
K39DA25503E,2022,教保費收入,revenue,23329857.0
K39DA25503E,2022,教保費收入減項,revenue,-508322.0
K39DA25503E,2022,延後托育收入,revenue,451770.0
K39DA25503E,2022,利息收入,revenue,51980.0
K39DA25503E,2022,其他收入,revenue,838966.0
K39DA25503E,2022,收入合計,total,24164251.0
K39DA25503E,2022,人事費,expense,14214119.0
K39DA25503E,2022,業務費,expense,817728.0
K39DA25503E,2022,材料費,expense,3159212.0
K39DA25503E,2022,維護費,expense,78326.0
K39DA25503E,2022,修繕購置費,expense,343390.0
K39DA25503E,2022,雜支,expense,4910.0
K39DA25503E,2022,行政管理費,expense,366667.0
K39DA25503E,2022,業務發展費,expense,1390000.0
K39DA25503E,2022,延後托育支出,expense,301456.0
K39DA25503E,2022,其他支出,expense,838966.0
K39DA25503E,2022,支出合計,total,21514774.0
K39DA25503E,2022,所得稅費用,expense,4315.0
K39DA25503E,2022,本期稅後餘絀,surplus,2645162.0
KC0365E3036,2022,教保費收入,revenue,8687554.0
KC0365E3036,2022,教保費收入減項,revenue,-1892709.0
KC0365E3036,2022,延後托育收入,revenue,169300.0
KC0365E3036,2022,利息收入,revenue,14171.0
KC0365E3036,2022,其他收入,revenue,28885.0
KC0365E3036,2022,收入合計,total,7007201.0
KC0365E3036,2022,人事費,expense,6055356.0
KC0365E3036,2022,業務費,expense,219362.0
KC0365E3036,2022,材料費,expense,825802.0
KC0365E3036,2022,維護費,expense,21079.0
KC0365E3036,2022,修繕購置費,expense,264795.0
KC0365E3036,2022,雜支,expense,15878.0
KC0365E3036,2022,行政管理費,expense,199735.0
KC0365E3036,2022,延後托育支出,expense,126732.0
KC0365E3036,2022,其他支出,expense,28885.0
KC0365E3036,2022,支出合計,total,7557889.0
KC0365E3036,2022,本期稅前餘絀,surplus,-550688.0
KC0365E3036,2022,本期稅後餘絀,surplus,-550688.0
KBD1D2CF7BD,2022,教保費收入,revenue,6081791.0
KBD1D2CF7BD,2022,教保費收入減項,revenue,-666069.0
KBD1D2CF7BD,2022,延後托育收入,revenue,84250.0
KBD1D2CF7BD,2022,利息收入,revenue,8853.0
KBD1D2CF7BD,2022,其他收入,revenue,115175.0
KBD1D2CF7BD,2022,收入合計,total,3624000.0
KBD1D2CF7BD,2022,人事費,expense,4620897.0
KBD1D2CF7BD,2022,業務費,expense,263825.0
KBD1D2CF7BD,2022,材料費,expense,791429.0
KBD1D2CF7BD,2022,維護費,expense,73325.0
KBD1D2CF7BD,2022,修繕購置費,expense,167411.0
KBD1D2CF7BD,2022,雜支,expense,25685.0
KBD1D2CF7BD,2022,行政管理費,expense,169250.0
KBD1D2CF7BD,2022,延後托育支出,expense,84250.0
KBD1D2CF7BD,2022,其他支出,expense,115175.0
KBD1D2CF7BD,2022,支出合計,total,6141997.0
KBD1D2CF7BD,2022,本期稅前餘絀,surplus,-517997.0
KBD1D2CF7BD,2022,本期稅後餘絀,surplus,-517997.0
KED39D6F381,2022,教保費收入,revenue,19451504.0
KED39D6F381,2022,教保費收入減項,revenue,-117274.0
KED39D6F381,2022,延後托育收入,revenue,8290.0
KED39D6F381,2022,利息收入,revenue,36033.0
KED39D6F381,2022,其他收入,revenue,965167.0
KED39D6F381,2022,收入合計,total,20343720.0
KED39D6F381,2022,人事費,expense,12821946.0
KED39D6F381,2022,業務費,expense,363575.0
KED39D6F381,2022,材料費,expense,1995556.0
KED39D6F381,2022,維護費,expense,139544.0
KED39D6F381,2022,修繕購置費,expense,232869.0
KED39D6F381,2022,雜支,expense,9982.0
KED39D6F381,2022,行政管理費,expense,278859.0
KED39D6F381,2022,業務發展費,expense,1364404.0
KED39D6F381,2022,延後托育支出,expense,82900.0
KED39D6F381,2022,其他支出,expense,965167.0
KED39D6F381,2022,支出合計,total,18180192.0
KED39D6F381,2022,本期稅前餘絀,surplus,2163528.0
KED39D6F381,2022,本期稅後餘絀,surplus,2163528.0
K2415A70C05,2023,教保費收入,revenue,17324859.0
K2415A70C05,2023,教保費收入減項,revenue,-94176.0
K2415A70C05,2023,延長照顧服務收入,revenue,337868.0
K2415A70C05,2023,利息收入,revenue,82077.0
K2415A70C05,2023,其他收入,revenue,1344392.0
K2415A70C05,2023,收入合計,total,18995020.0
K2415A70C05,2023,人事費,expense,11797585.0
K2415A70C05,2023,業務費,expense,394450.0
K2415A70C05,2023,材料費,expense,2216621.0
K2415A70C05,2023,維護費,expense,51581.0
K2415A70C05,2023,修繕購置費,expense,28074.0
K2415A70C05,2023,雜支,expense,18950.0
K2415A70C05,2023,行政管理費,expense,325932.0
K2415A70C05,2023,業務發展費,expense,2388000.0
K2415A70C05,2023,延長照顧服務支出,expense,176808.0
K2415A70C05,2023,其他支出,expense,1344392.0
K2415A70C05,2023,呆帳損失,expense,1828.0
K2415A70C05,2023,支出合計,total,18744221.0
K2415A70C05,2023,本期稅前餘絀,surplus,250799.0
K2415A70C05,2023,本期稅後餘絀,surplus,250799.0
K15CCE45A4E,2023,教保費收入,revenue,12764928.0
K15CCE45A4E,2023,教保費收入減項,revenue,-73967.0
K15CCE45A4E,2023,延長照顧服務收入,revenue,155084.0
K15CCE45A4E,2023,利息收入,revenue,68971.0
K15CCE45A4E,2023,其他收入,revenue,935839.0
K15CCE45A4E,2023,收入合計,total,13850855.0
K15CCE45A4E,2023,人事費,expense,9157815.0
K15CCE45A4E,2023,業務費,expense,463878.0
K15CCE45A4E,2023,材料費,expense,1219134.0
K15CCE45A4E,2023,維護費,expense,81966.0
K15CCE45A4E,2023,修繕購置費,expense,107677.0
K15CCE45A4E,2023,公共事務管理費,expense,20538.0
K15CCE45A4E,2023,雜支,expense,6095.0
K15CCE45A4E,2023,行政管理費,expense,229600.0
K15CCE45A4E,2023,業務發展費,expense,1833375.0
K15CCE45A4E,2023,延長照顧服務支出,expense,143778.0
K15CCE45A4E,2023,其他支出,expense,935839.0
K15CCE45A4E,2023,支出合計,total,14199695.0
K15CCE45A4E,2023,本期稅前餘絀,surplus,-348840.0
K15CCE45A4E,2023,本期稅後餘絀,surplus,-348840.0
K54E0E6A4A2,2023,教保費收入,revenue,10090612.0
K54E0E6A4A2,2023,教保費收入減項,revenue,-70525.0
K54E0E6A4A2,2023,延長照顧服務收入,revenue,345159.0
K54E0E6A4A2,2023,利息收入,revenue,57597.0
K54E0E6A4A2,2023,其他收入,revenue,3721263.0
K54E0E6A4A2,2023,收入合計,total,14144106.0
K54E0E6A4A2,2023,人事費,expense,5280926.0
K54E0E6A4A2,2023,業務費,expense,480075.0
K54E0E6A4A2,2023,材料費,expense,1350447.0
K54E0E6A4A2,2023,維護費,expense,105827.0
K54E0E6A4A2,2023,修繕購置費,expense,105781.0
K54E0E6A4A2,2023,雜支,expense,5992.0
K54E0E6A4A2,2023,行政管理費,expense,117840.0
K54E0E6A4A2,2023,業務發展費,expense,2393000.0
K54E0E6A4A2,2023,延長照顧服務支出,expense,331321.0
K54E0E6A4A2,2023,其他支出,expense,3721263.0
K54E0E6A4A2,2023,支出合計,total,13893372.0
K54E0E6A4A2,2023,本期稅前餘絀,surplus,250734.0
K54E0E6A4A2,2023,本期稅後餘絀,surplus,250734.0
KDF998FD925,2023,教保費收入,revenue,6202211.0
KDF998FD925,2023,教保費收入減項,revenue,-37864.0
KDF998FD925,2023,延長照顧服務收入,revenue,218400.0
KDF998FD925,2023,利息收入,revenue,55146.0
KDF998FD925,2023,其他收入,revenue,2593336.0
KDF998FD925,2023,收入合計,total,9031229.0
KDF998FD925,2023,人事費,expense,2899218.0
KDF998FD925,2023,業務費,expense,384913.0
KDF998FD925,2023,材料費,expense,1098507.0
KDF998FD925,2023,維護費,expense,33078.0
KDF998FD925,2023,修繕購置費,expense,143845.0
KDF998FD925,2023,雜支,expense,6373.0
KDF998FD925,2023,行政管理費,expense,90012.0
KDF998FD925,2023,業務發展費,expense,1300000.0
KDF998FD925,2023,延長照顧服務支出,expense,159722.0
KDF998FD925,2023,其他支出,expense,2593336.0
KDF998FD925,2023,支出合計,total,8709004.0
KDF998FD925,2023,本期稅前餘絀,surplus,322225.0
KDF998FD925,2023,本期稅後餘絀,surplus,322225.0
K25B89B6B3E,2023,教保費收入,revenue,9017887.0
K25B89B6B3E,2023,教保費收入減項,revenue,-65227.0
K25B89B6B3E,2023,延長照顧服務收入,revenue,168240.0
K25B89B6B3E,2023,利息收入,revenue,71207.0
K25B89B6B3E,2023,其他收入,revenue,3729484.0
K25B89B6B3E,2023,收入合計,total,12921591.0
K25B89B6B3E,2023,人事費,expense,5032018.0
K25B89B6B3E,2023,業務費,expense,421276.0
K25B89B6B3E,2023,材料費,expense,1180578.0
K25B89B6B3E,2023,維護費,expense,88595.0
K25B89B6B3E,2023,修繕購置費,expense,111709.0
K25B89B6B3E,2023,雜支,expense,26415.0
K25B89B6B3E,2023,行政管理費,expense,112681.0
K25B89B6B3E,2023,業務發展費,expense,1782519.0
K25B89B6B3E,2023,延長照顧服務支出,expense,168240.0
K25B89B6B3E,2023,其他支出,expense,3729484.0
K25B89B6B3E,2023,支出合計,total,12653515.0
K25B89B6B3E,2023,本期稅前餘絀,surplus,268076.0
K25B89B6B3E,2023,本期稅後餘絀,surplus,268076.0
KB7027794AA,2023,教保費收入,revenue,11753640.0
KB7027794AA,2023,教保費收入減項,revenue,-148473.0
KB7027794AA,2023,延長照顧服務收入,revenue,275006.0
KB7027794AA,2023,利息收入,revenue,71787.0
KB7027794AA,2023,其他收入,revenue,3186160.0
KB7027794AA,2023,收入合計,total,15138118.0
KB7027794AA,2023,人事費,expense,6839375.0
KB7027794AA,2023,業務費,expense,514283.0
KB7027794AA,2023,材料費,expense,1602786.0
KB7027794AA,2023,維護費,expense,104233.0
KB7027794AA,2023,修繕購置費,expense,116753.0
KB7027794AA,2023,雜支,expense,19288.0
KB7027794AA,2023,行政管理費,expense,262780.0
KB7027794AA,2023,業務發展費,expense,2039112.0
KB7027794AA,2023,延長照顧服務支出,expense,266206.0
KB7027794AA,2023,其他支出,expense,3186160.0
KB7027794AA,2023,支出合計,total,14950976.0
KB7027794AA,2023,本期稅前餘絀,surplus,187142.0
KB7027794AA,2023,本期稅後餘絀,surplus,187142.0
KA17D8F5F9A,2023,教保費收入,revenue,20772125.0
KA17D8F5F9A,2023,教保費收入減項,revenue,-331875.0
KA17D8F5F9A,2023,延長照顧服務收入,revenue,418145.0
KA17D8F5F9A,2023,利息收入,revenue,125882.0
KA17D8F5F9A,2023,其他收入,revenue,2813277.0
KA17D8F5F9A,2023,收入合計,total,23797554.0
KA17D8F5F9A,2023,人事費,expense,14991246.0
KA17D8F5F9A,2023,業務費,expense,653272.0
KA17D8F5F9A,2023,材料費,expense,2438717.0
KA17D8F5F9A,2023,維護費,expense,155492.0
KA17D8F5F9A,2023,修繕購置費,expense,243262.0
KA17D8F5F9A,2023,雜支,expense,37657.0
KA17D8F5F9A,2023,行政管理費,expense,358913.0
KA17D8F5F9A,2023,業務發展費,expense,1772000.0
KA17D8F5F9A,2023,延長照顧服務支出,expense,385564.0
KA17D8F5F9A,2023,其他支出,expense,2813277.0
KA17D8F5F9A,2023,支出合計,total,23849400.0
KA17D8F5F9A,2023,本期稅前餘絀,surplus,-51846.0
KA17D8F5F9A,2023,本期稅後餘絀,surplus,-51846.0
K9FE59C70CF,2023,教保費收入,revenue,11397036.0
K9FE59C70CF,2023,教保費收入減項,revenue,-166087.0
K9FE59C70CF,2023,延長照顧服務收入,revenue,219505.0
K9FE59C70CF,2023,利息收入,revenue,107460.0
K9FE59C70CF,2023,其他收入,revenue,3003631.0
K9FE59C70CF,2023,收入合計,total,16561545.0
K9FE59C70CF,2023,人事費,expense,6549857.0
K9FE59C70CF,2023,業務費,expense,481885.0
K9FE59C70CF,2023,材料費,expense,1263486.0
K9FE59C70CF,2023,維護費,expense,122799.0
K9FE59C70CF,2023,修繕購置費,expense,135491.0
K9FE59C70CF,2023,雜支,expense,390.0
K9FE59C70CF,2023,行政管理費,expense,241682.0
K9FE59C70CF,2023,業務發展費,expense,2729845.0
K9FE59C70CF,2023,延長照顧服務支出,expense,113754.0
K9FE59C70CF,2023,其他支出,expense,5003631.0
K9FE59C70CF,2023,支出合計,total,16642820.0
K9FE59C70CF,2023,本期稅前餘絀,surplus,-81275.0
K9FE59C70CF,2023,本期稅後餘絀,surplus,-81275.0
K5BDC0C740F,2023,教保費收入,revenue,6873638.0
K5BDC0C740F,2023,教保費收入減項,revenue,-165993.0
K5BDC0C740F,2023,延長照顧服務收入,revenue,481110.0
K5BDC0C740F,2023,利息收入,revenue,77347.0
K5BDC0C740F,2023,其他收入,revenue,2611976.0
K5BDC0C740F,2023,收入合計,total,9878078.0
K5BDC0C740F,2023,人事費,expense,3361395.0
K5BDC0C740F,2023,業務費,expense,356119.0
K5BDC0C740F,2023,材料費,expense,868837.0
K5BDC0C740F,2023,維護費,expense,87109.0
K5BDC0C740F,2023,修繕購置費,expense,67046.0
K5BDC0C740F,2023,公共事務管理費,expense,71860.0
K5BDC0C740F,2023,雜支,expense,8923.0
K5BDC0C740F,2023,行政管理費,expense,147220.0
K5BDC0C740F,2023,業務發展費,expense,1930000.0
K5BDC0C740F,2023,延長照顧服務支出,expense,291020.0
K5BDC0C740F,2023,其他支出,expense,2611976.0
K5BDC0C740F,2023,支出合計,total,9801505.0
K5BDC0C740F,2023,本期稅前餘絀,surplus,76573.0
K5BDC0C740F,2023,本期稅後餘絀,surplus,76573.0
K9A79920811,2023,教保費收入,revenue,12476283.0
K9A79920811,2023,教保費收入減項,revenue,-114552.0
K9A79920811,2023,延長照顧服務收入,revenue,334160.0
K9A79920811,2023,利息收入,revenue,84148.0
K9A79920811,2023,其他收入,revenue,3996023.0
K9A79920811,2023,收入合計,total,16776062.0
K9A79920811,2023,人事費,expense,8924216.0
K9A79920811,2023,業務費,expense,628248.0
K9A79920811,2023,材料費,expense,1539261.0
K9A79920811,2023,維護費,expense,38812.0
K9A79920811,2023,修繕購置費,expense,136372.0
K9A79920811,2023,雜支,expense,1982.0
K9A79920811,2023,行政管理費,expense,239682.0
K9A79920811,2023,業務發展費,expense,176650.0
K9A79920811,2023,延長照顧服務支出,expense,334160.0
K9A79920811,2023,其他支出,expense,3996023.0
K9A79920811,2023,支出合計,total,16015406.0
K9A79920811,2023,本期稅前餘絀,surplus,760656.0
K9A79920811,2023,本期稅後餘絀,surplus,760656.0
KF31C21F4B0,2023,教保費收入,revenue,15066772.0
KF31C21F4B0,2023,教保費收入減項,revenue,-159377.0
KF31C21F4B0,2023,延長照顧服務收入,revenue,124745.0
KF31C21F4B0,2023,利息收入,revenue,121090.0
KF31C21F4B0,2023,其他收入,revenue,1666410.0
KF31C21F4B0,2023,收入合計,total,16820540.0
KF31C21F4B0,2023,人事費,expense,11352830.0
KF31C21F4B0,2023,業務費,expense,646192.0
KF31C21F4B0,2023,材料費,expense,1964690.0
KF31C21F4B0,2023,維護費,expense,129811.0
KF31C21F4B0,2023,修繕購置費,expense,229536.0
KF31C21F4B0,2023,雜支,expense,47336.0
KF31C21F4B0,2023,行政管理費,expense,292892.0
KF31C21F4B0,2023,業務發展費,expense,520000.0
KF31C21F4B0,2023,延長照顧服務支出,expense,124745.0
KF31C21F4B0,2023,其他支出,expense,1666410.0
KF31C21F4B0,2023,支出合計,total,16974442.0
KF31C21F4B0,2023,本期稅前餘絀,surplus,-153003.0
KF31C21F4B0,2023,本期稅後餘絀,surplus,-153903.0
K633CC054A3,2023,教保費收入,revenue,10867725.0
K633CC054A3,2023,教保費收入減項,revenue,-111478.0
K633CC054A3,2023,延長照顧服務收入,revenue,89280.0
K633CC054A3,2023,利息收入,revenue,71146.0
K633CC054A3,2023,其他收入,revenue,491520.0
K633CC054A3,2023,收入合計,total,11408193.0
K633CC054A3,2023,人事費,expense,7038621.0
K633CC054A3,2023,業務費,expense,396623.0
K633CC054A3,2023,材料費,expense,1009594.0
K633CC054A3,2023,維護費,expense,81697.0
K633CC054A3,2023,修繕購置費,expense,32553.0
K633CC054A3,2023,雜支,expense,6069.0
K633CC054A3,2023,行政管理費,expense,203300.0
K633CC054A3,2023,業務發展費,expense,2249000.0
K633CC054A3,2023,延長照顧服務支出,expense,47688.0
K633CC054A3,2023,其他支出,expense,491520.0
K633CC054A3,2023,支出合計,total,11556665.0
K633CC054A3,2023,本期稅前餘絀,surplus,-148472.0
K633CC054A3,2023,所得稅費用,expense,6.0
K633CC054A3,2023,本期稅後餘絀,surplus,-148472.0
KBDDA1A2637,2023,教保費收入,revenue,11158290.0
KBDDA1A2637,2023,教保費收入減項,revenue,-1034335.0
KBDDA1A2637,2023,延長照顧服務收入,revenue,169520.0
KBDDA1A2637,2023,利息收入,revenue,102349.0
KBDDA1A2637,2023,其他收入,revenue,1229356.0
KBDDA1A2637,2023,收入合計,total,12556080.0
KBDDA1A2637,2023,人事費,expense,7834805.0
KBDDA1A2637,2023,業務費,expense,494458.0
KBDDA1A2637,2023,材料費,expense,1254733.0
KBDDA1A2637,2023,維護費,expense,79685.0
KBDDA1A2637,2023,修繕購置費,expense,97624.0
KBDDA1A2637,2023,雜支,expense,19851.0
KBDDA1A2637,2023,行政管理費,expense,203300.0
KBDDA1A2637,2023,業務發展費,expense,1200000.0
KBDDA1A2637,2023,延長照顧服務支出,expense,55060.0
KBDDA1A2637,2023,其他支出,expense,1229356.0
KBDDA1A2637,2023,支出合計,total,12468872.0
KBDDA1A2637,2023,本期稅前餘絀,surplus,87208.0
KBDDA1A2637,2023,本期稅後餘絀,surplus,87208.0
K8D89087028,2023,教保費收入,revenue,313.0
K8D89087028,2023,教保費收入減項,revenue,-88039.0
K8D89087028,2023,延長照顧服務收入,revenue,248484.0
K8D89087028,2023,利息收入,revenue,63992.0
K8D89087028,2023,其他收入,revenue,1009961.0
K8D89087028,2023,收入合計,total,14883486.0
K8D89087028,2023,人事費,expense,9542297.0
K8D89087028,2023,業務費,expense,410927.0
K8D89087028,2023,材料費,expense,1490884.0
K8D89087028,2023,維護費,expense,128161.0
K8D89087028,2023,修繕購置費,expense,146850.0
K8D89087028,2023,雜支,expense,35240.0
K8D89087028,2023,行政管理費,expense,239682.0
K8D89087028,2023,業務發展費,expense,1285374.0
K8D89087028,2023,延長照顧服務支出,expense,248484.0
K8D89087028,2023,其他支出,expense,1909961.0
K8D89087028,2023,支出合計,total,15407860.0
K8D89087028,2023,本期稅前餘絀,surplus,-524374.0
K8D89087028,2023,本期稅後餘絀,surplus,-524374.0
K1903EBE606,2023,教保費收入,revenue,23225592.0
K1903EBE606,2023,教保費收入減項,revenue,-124255.0
K1903EBE606,2023,延長照顧服務收入,revenue,592320.0
K1903EBE606,2023,利息收入,revenue,145829.0
K1903EBE606,2023,其他收入,revenue,3814692.0
K1903EBE606,2023,收入合計,total,27654178.0
K1903EBE606,2023,人事費,expense,15815742.0
K1903EBE606,2023,業務費,expense,565610.0
K1903EBE606,2023,材料費,expense,1922616.0
K1903EBE606,2023,維護費,expense,39576.0
K1903EBE606,2023,修繕購置費,expense,186436.0
K1903EBE606,2023,雜支,expense,6833.0
K1903EBE606,2023,行政管理費,expense,376164.0
K1903EBE606,2023,業務發展費,expense,4204827.0
K1903EBE606,2023,延長照顧服務支出,expense,340380.0
K1903EBE606,2023,其他支出,expense,3814692.0
K1903EBE606,2023,支出合計,total,27272876.0
K1903EBE606,2023,本期稅前餘絀,surplus,381302.0
K1903EBE606,2023,本期稅後餘絀,surplus,381302.0
K67A61067B3,2023,教保費收入,revenue,12652426.0
K67A61067B3,2023,教保費收入減項,revenue,-99149.0
K67A61067B3,2023,延長照顧服務收入,revenue,357450.0
K67A61067B3,2023,利息收入,revenue,114606.0
K67A61067B3,2023,其他收入,revenue,2091333.0
K67A61067B3,2023,收入合計,total,15116666.0
K67A61067B3,2023,人事費,expense,8916311.0
K67A61067B3,2023,業務費,expense,430887.0
K67A61067B3,2023,材料費,expense,1726133.0
K67A61067B3,2023,維護費,expense,47491.0
K67A61067B3,2023,修繕購置費,expense,327458.0
K67A61067B3,2023,雜支,expense,1949.0
K67A61067B3,2023,行政管理費,expense,260780.0
K67A61067B3,2023,業務發展費,expense,13330000.0
K67A61067B3,2023,延長照顧服務支出,expense,357450.0
K67A61067B3,2023,其他支出,expense,2091333.0
K67A61067B3,2023,支出合計,total,15489792.0
K67A61067B3,2023,本期稅前餘絀,surplus,-373126.0
K67A61067B3,2023,本期稅後餘絀,surplus,-373126.0
K81731FCDA3,2023,教保費收入,revenue,15798728.0
K81731FCDA3,2023,教保費收入減項,revenue,-217113.0
K81731FCDA3,2023,延長照顧服務收入,revenue,373930.0
K81731FCDA3,2023,利息收入,revenue,84318.0
K81731FCDA3,2023,其他收入,revenue,2178139.0
K81731FCDA3,2023,收入合計,total,18218002.0
K81731FCDA3,2023,人事費,expense,10661543.0
K81731FCDA3,2023,業務費,expense,420646.0
K81731FCDA3,2023,材料費,expense,1812187.0
K81731FCDA3,2023,維護費,expense,117340.0
K81731FCDA3,2023,修繕購置費,expense,155784.0
K81731FCDA3,2023,雜支,expense,22430.0
K81731FCDA3,2023,行政管理費,expense,293292.0
K81731FCDA3,2023,業務發展費,expense,2594685.0
K81731FCDA3,2023,延長照顧服務支出,expense,355622.0
K81731FCDA3,2023,其他支出,expense,2178139.0
K81731FCDA3,2023,支出合計,total,18611668.0
K81731FCDA3,2023,本期稅前餘絀,surplus,-393666.0
K81731FCDA3,2023,本期稅後餘絀,surplus,-393666.0
KE2E8B37088,2023,教保費收入,revenue,1452760.0
KE2E8B37088,2023,教保費收入減項,revenue,5.0
KE2E8B37088,2023,延長照顧服務收入,revenue,287465.0
KE2E8B37088,2023,利息收入,revenue,81913.0
KE2E8B37088,2023,其他收入,revenue,2541712.0
KE2E8B37088,2023,收入合計,total,15415862.0
KE2E8B37088,2023,人事費,expense,9416455.0
KE2E8B37088,2023,業務費,expense,482811.0
KE2E8B37088,2023,材料費,expense,1920543.0
KE2E8B37088,2023,維護費,expense,136056.0
KE2E8B37088,2023,修繕購置費,expense,168410.0
KE2E8B37088,2023,雜支,expense,13962.0
KE2E8B37088,2023,行政管理費,expense,260780.0
KE2E8B37088,2023,業務發展費,expense,513911.0
KE2E8B37088,2023,延長照顧服務支出,expense,287465.0
KE2E8B37088,2023,其他支出,expense,2541712.0
KE2E8B37088,2023,支出合計,total,15742105.0
KE2E8B37088,2023,本期稅前餘絀,surplus,-326243.0
KE2E8B37088,2023,本期稅後餘絀,surplus,-326243.0
KF984F05B3B,2023,教保費收入,revenue,-621041.0
KF984F05B3B,2023,教保費收入減項,revenue,135.0
KF984F05B3B,2023,延長照顧服務收入,revenue,289835.0
KF984F05B3B,2023,利息收入,revenue,7.0
KF984F05B3B,2023,其他收入,revenue,2572267.0
KF984F05B3B,2023,收入合計,total,19390034.0
KF984F05B3B,2023,人事費,expense,11256942.0
KF984F05B3B,2023,業務費,expense,362496.0
KF984F05B3B,2023,材料費,expense,1811535.0
KF984F05B3B,2023,維護費,expense,129247.0
KF984F05B3B,2023,修繕購置費,expense,134996.0
KF984F05B3B,2023,雜支,expense,38242.0
KF984F05B3B,2023,行政管理費,expense,325932.0
KF984F05B3B,2023,業務發展費,expense,2210000.0
KF984F05B3B,2023,延長照顧服務支出,expense,256007.0
KF984F05B3B,2023,其他支出,expense,2572267.0
KF984F05B3B,2023,支出合計,total,19097664.0
KF984F05B3B,2023,本期稅前餘絀,surplus,292370.0
KF984F05B3B,2023,本期稅後餘絀,surplus,292370.0
K557631E383,2023,教保費收入,revenue,19074887.0
K557631E383,2023,教保費收入減項,revenue,-178653.0
K557631E383,2023,延長照顧服務收入,revenue,493375.0
K557631E383,2023,利息收入,revenue,70462.0
K557631E383,2023,其他收入,revenue,2288367.0
K557631E383,2023,收入合計,total,21748438.0
K557631E383,2023,人事費,expense,12881177.0
K557631E383,2023,業務費,expense,843912.0
K557631E383,2023,材料費,expense,2236094.0
K557631E383,2023,維護費,expense,158314.0
K557631E383,2023,修繕購置費,expense,187888.0
K557631E383,2023,公共事務管理費,expense,88478.0
K557631E383,2023,雜支,expense,5292.0
K557631E383,2023,行政管理費,expense,363999.0
K557631E383,2023,延長照顧服務支出,expense,209273.0
K557631E383,2023,其他支出,expense,2288367.0
K557631E383,2023,支出合計,total,19262794.0
K557631E383,2023,本期稅前餘絀,surplus,2485644.0
K557631E383,2023,本期稅後餘絀,surplus,2485644.0
KEF0B2D1C01,2023,教保費收入,revenue,11259846.0
KEF0B2D1C01,2023,教保費收入減項,revenue,-289848.0
KEF0B2D1C01,2023,延長照顧服務收入,revenue,170535.0
KEF0B2D1C01,2023,利息收入,revenue,145010.0
KEF0B2D1C01,2023,其他收入,revenue,1250884.0
KEF0B2D1C01,2023,收入合計,total,12536427.0
KEF0B2D1C01,2023,人事費,expense,6575048.0
KEF0B2D1C01,2023,業務費,expense,335133.0
KEF0B2D1C01,2023,材料費,expense,1064739.0
KEF0B2D1C01,2023,維護費,expense,71454.0
KEF0B2D1C01,2023,修繕購置費,expense,109957.0
KEF0B2D1C01,2023,公共事務管理費,expense,120000.0
KEF0B2D1C01,2023,雜支,expense,14781.0
KEF0B2D1C01,2023,行政管理費,expense,229200.0
KEF0B2D1C01,2023,業務發展費,expense,2491778.0
KEF0B2D1C01,2023,延長照顧服務支出,expense,128385.0
KEF0B2D1C01,2023,其他支出,expense,1250884.0
KEF0B2D1C01,2023,支出合計,total,13088499.0
KEF0B2D1C01,2023,本期稅前餘絀,surplus,-552072.0
KEF0B2D1C01,2023,本期稅後餘絀,surplus,-552072.0
KF3442B4BCB,2023,教保費收入,revenue,11497431.0
KF3442B4BCB,2023,教保費收入減項,revenue,-184567.0
KF3442B4BCB,2023,延長照顧服務收入,revenue,281615.0
KF3442B4BCB,2023,利息收入,revenue,100541.0
KF3442B4BCB,2023,其他收入,revenue,1864808.0
KF3442B4BCB,2023,收入合計,total,13559828.0
KF3442B4BCB,2023,人事費,expense,6441218.0
KF3442B4BCB,2023,業務費,expense,321319.0
KF3442B4BCB,2023,材料費,expense,1225703.0
KF3442B4BCB,2023,維護費,expense,66989.0
KF3442B4BCB,2023,修繕購置費,expense,60033.0
KF3442B4BCB,2023,公共事務管理費,expense,120000.0
KF3442B4BCB,2023,雜支,expense,8481.0
KF3442B4BCB,2023,行政管理費,expense,229000.0
KF3442B4BCB,2023,業務發展費,expense,2290000.0
KF3442B4BCB,2023,延長照顧服務支出,expense,281615.0
KF3442B4BCB,2023,其他支出,expense,1864808.0
KF3442B4BCB,2023,支出合計,total,13550446.0
KF3442B4BCB,2023,本期稅前餘絀,surplus,9382.0
KF3442B4BCB,2023,本期稅後餘絀,surplus,9382.0
KBEC7666275,2023,教保費收入,revenue,10441664.0
KBEC7666275,2023,教保費收入減項,revenue,-169028.0
KBEC7666275,2023,延長照顧服務收入,revenue,183330.0
KBEC7666275,2023,利息收入,revenue,65807.0
KBEC7666275,2023,其他收入,revenue,4787611.0
KBEC7666275,2023,收入合計,total,15309384.0
KBEC7666275,2023,人事費,expense,4776110.0
KBEC7666275,2023,業務費,expense,558949.0
KBEC7666275,2023,材料費,expense,1261947.0
KBEC7666275,2023,維護費,expense,112253.0
KBEC7666275,2023,修繕購置費,expense,142868.0
KBEC7666275,2023,雜支,expense,24793.0
KBEC7666275,2023,行政管理費,expense,147589.0
KBEC7666275,2023,業務發展費,expense,2815348.0
KBEC7666275,2023,延長照顧服務支出,expense,183330.0
KBEC7666275,2023,其他支出,expense,4787611.0
KBEC7666275,2023,支出合計,total,14810798.0
KBEC7666275,2023,本期稅前餘絀,surplus,498586.0
KBEC7666275,2023,本期稅後餘絀,surplus,498586.0
K506842339C,2023,教保費收入,revenue,9620718.0
K506842339C,2023,教保費收入減項,revenue,-66803.0
K506842339C,2023,延長照顧服務收入,revenue,436590.0
K506842339C,2023,利息收入,revenue,86345.0
K506842339C,2023,其他收入,revenue,2584519.0
K506842339C,2023,收入合計,total,12661369.0
K506842339C,2023,人事費,expense,5605418.0
K506842339C,2023,業務費,expense,260505.0
K506842339C,2023,材料費,expense,1136006.0
K506842339C,2023,維護費,expense,37099.0
K506842339C,2023,修繕購置費,expense,126000.0
K506842339C,2023,雜支,expense,1060.0
K506842339C,2023,行政管理費,expense,191700.0
K506842339C,2023,業務發展費,expense,1720000.0
K506842339C,2023,延長照顧服務支出,expense,313358.0
K506842339C,2023,其他支出,expense,2584519.0
K506842339C,2023,支出合計,total,11936339.0
K506842339C,2023,本期稅前餘絀,surplus,725030.0
K506842339C,2023,本期稅後餘絀,surplus,725030.0
K4574C62080,2023,教保費收入,revenue,11767632.0
K4574C62080,2023,教保費收入減項,revenue,-74703.0
K4574C62080,2023,延長照顧服務收入,revenue,378000.0
K4574C62080,2023,利息收入,revenue,73498.0
K4574C62080,2023,其他收入,revenue,4122305.0
K4574C62080,2023,收入合計,total,16266732.0
K4574C62080,2023,人事費,expense,7079229.0
K4574C62080,2023,業務費,expense,477617.0
K4574C62080,2023,材料費,expense,1748636.0
K4574C62080,2023,維護費,expense,47763.0
K4574C62080,2023,修繕購置費,expense,160402.0
K4574C62080,2023,雜支,expense,20185.0
K4574C62080,2023,行政管理費,expense,243080.0
K4574C62080,2023,業務發展費,expense,2020000.0
K4574C62080,2023,延長照顧服務支出,expense,225087.0
K4574C62080,2023,其他支出,expense,4122305.0
K4574C62080,2023,支出合計,total,16146104.0
K4574C62080,2023,本期稅前餘絀,surplus,120628.0
K4574C62080,2023,本期稅後餘絀,surplus,120628.0
K67BABA0726,2023,教保費收入,revenue,12098314.0
K67BABA0726,2023,教保費收入減項,revenue,-149457.0
K67BABA0726,2023,延長照顧服務收入,revenue,325200.0
K67BABA0726,2023,利息收入,revenue,68619.0
K67BABA0726,2023,其他收入,revenue,3147084.0
K67BABA0726,2023,收入合計,total,15489760.0
K67BABA0726,2023,人事費,expense,6209038.0
K67BABA0726,2023,業務費,expense,560670.0
K67BABA0726,2023,材料費,expense,2057104.0
K67BABA0726,2023,維護費,expense,56245.0
K67BABA0726,2023,修繕購置費,expense,175536.0
K67BABA0726,2023,雜支,expense,37133.0
K67BABA0726,2023,行政管理費,expense,260780.0
K67BABA0726,2023,延長照顧服務支出,expense,233446.0
K67BABA0726,2023,其他支出,expense,3147084.0
K67BABA0726,2023,支出合計,total,12737036.0
K67BABA0726,2023,本期稅前餘絀,surplus,2752724.0
K67BABA0726,2023,本期稅後餘絀,surplus,2752724.0
KDD826D2227,2023,教保費收入,revenue,11696194.0
KDD826D2227,2023,教保費收入減項,revenue,-110649.0
KDD826D2227,2023,延長照顧服務收入,revenue,422490.0
KDD826D2227,2023,利息收入,revenue,75359.0
KDD826D2227,2023,其他收入,revenue,3262809.0
KDD826D2227,2023,收入合計,total,15346203.0
KDD826D2227,2023,人事費,expense,6138401.0
KDD826D2227,2023,業務費,expense,353407.0
KDD826D2227,2023,材料費,expense,1247410.0
KDD826D2227,2023,維護費,expense,67278.0
KDD826D2227,2023,修繕購置費,expense,123230.0
KDD826D2227,2023,雜支,expense,790.0
KDD826D2227,2023,行政管理費,expense,239682.0
KDD826D2227,2023,業務發展費,expense,2957802.0
KDD826D2227,2023,延長照顧服務支出,expense,189690.0
KDD826D2227,2023,其他支出,expense,3262809.0
KDD826D2227,2023,支出合計,total,14580499.0
KDD826D2227,2023,本期稅前餘絀,surplus,765704.0
KDD826D2227,2023,本期稅後餘絀,surplus,765704.0
K6E947C0B9C,2023,教保費收入,revenue,23264830.0
K6E947C0B9C,2023,教保費收入減項,revenue,-281582.0
K6E947C0B9C,2023,延長照顧服務收入,revenue,452080.0
K6E947C0B9C,2023,利息收入,revenue,84148.0
K6E947C0B9C,2023,其他收入,revenue,3758087.0
K6E947C0B9C,2023,收入合計,total,27277563.0
K6E947C0B9C,2023,人事費,expense,14997656.0
K6E947C0B9C,2023,業務費,expense,1030804.0
K6E947C0B9C,2023,材料費,expense,2627301.0
K6E947C0B9C,2023,維護費,expense,107552.0
K6E947C0B9C,2023,修繕購置費,expense,246999.0
K6E947C0B9C,2023,雜支,expense,33520.0
K6E947C0B9C,2023,行政管理費,expense,400000.0
K6E947C0B9C,2023,業務發展費,expense,3968524.0
K6E947C0B9C,2023,延長照顧服務支出,expense,448508.0
K6E947C0B9C,2023,其他支出,expense,3758087.0
K6E947C0B9C,2023,支出合計,total,27618951.0
K6E947C0B9C,2023,本期稅前餘絀,surplus,-341388.0
K6E947C0B9C,2023,本期稅後餘絀,surplus,-341388.0
K39DA25503E,2023,教保費收入,revenue,26539150.0
K39DA25503E,2023,教保費收入減項,revenue,-233338.0
K39DA25503E,2023,延長照顧服務收入,revenue,615265.0
K39DA25503E,2023,利息收入,revenue,101264.0
K39DA25503E,2023,其他收入,revenue,3130171.0
K39DA25503E,2023,收入合計,total,30152512.0
K39DA25503E,2023,人事費,expense,18104935.0
K39DA25503E,2023,業務費,expense,890704.0
K39DA25503E,2023,材料費,expense,3637314.0
K39DA25503E,2023,維護費,expense,195922.0
K39DA25503E,2023,修繕購置費,expense,338089.0
K39DA25503E,2023,雜支,expense,38606.0
K39DA25503E,2023,行政管理費,expense,400000.0
K39DA25503E,2023,業務發展費,expense,3200000.0
K39DA25503E,2023,延長照顧服務支出,expense,486415.0
K39DA25503E,2023,其他支出,expense,3130171.0
K39DA25503E,2023,支出合計,total,30422156.0
K39DA25503E,2023,本期稅前餘絀,surplus,-269644.0
K39DA25503E,2023,本期稅後餘絀,surplus,-269644.0
KC0365E3036,2023,教保費收入,revenue,12560472.0
KC0365E3036,2023,教保費收入減項,revenue,-59502.0
KC0365E3036,2023,延長照顧服務收入,revenue,360105.0
KC0365E3036,2023,利息收入,revenue,19265.0
KC0365E3036,2023,其他收入,revenue,417090.0
KC0365E3036,2023,收入合計,total,13297430.0
KC0365E3036,2023,人事費,expense,8377365.0
KC0365E3036,2023,業務費,expense,366397.0
KC0365E3036,2023,材料費,expense,1351877.0
KC0365E3036,2023,維護費,expense,55726.0
KC0365E3036,2023,修繕購置費,expense,168201.0
KC0365E3036,2023,雜支,expense,15282.0
KC0365E3036,2023,行政管理費,expense,239682.0
KC0365E3036,2023,業務發展費,expense,594200.0
KC0365E3036,2023,延長照顧服務支出,expense,183542.0
KC0365E3036,2023,其他支出,expense,417090.0
KC0365E3036,2023,支出合計,total,11769362.0
KC0365E3036,2023,本期稅前餘絀,surplus,1528068.0
KC0365E3036,2023,本期稅後餘絀,surplus,1528068.0
KBD1D2CF7BD,2023,教保費收入,revenue,10431318.0
KBD1D2CF7BD,2023,教保費收入減項,revenue,-192213.0
KBD1D2CF7BD,2023,延長照顧服務收入,revenue,304695.0
KBD1D2CF7BD,2023,利息收入,revenue,12794.0
KBD1D2CF7BD,2023,其他收入,revenue,1319484.0
KBD1D2CF7BD,2023,收入合計,total,11876078.0
KBD1D2CF7BD,2023,人事費,expense,6812566.0
KBD1D2CF7BD,2023,業務費,expense,451941.0
KBD1D2CF7BD,2023,材料費,expense,1464322.0
KBD1D2CF7BD,2023,維護費,expense,52267.0
KBD1D2CF7BD,2023,修繕購置費,expense,181100.0
KBD1D2CF7BD,2023,雜支,expense,21713.0
KBD1D2CF7BD,2023,行政管理費,expense,203100.0
KBD1D2CF7BD,2023,業務發展費,expense,254018.0
KBD1D2CF7BD,2023,延長照顧服務支出,expense,233167.0
KBD1D2CF7BD,2023,其他支出,expense,1319484.0
KBD1D2CF7BD,2023,支出合計,total,10993678.0
KBD1D2CF7BD,2023,本期稅前餘絀,surplus,882400.0
KBD1D2CF7BD,2023,本期稅後餘絀,surplus,882400.0
KED39D6F381,2023,教保費收入,revenue,19793065.0
KED39D6F381,2023,教保費收入減項,revenue,-265999.0
KED39D6F381,2023,延長照顧服務收入,revenue,16540.0
KED39D6F381,2023,利息收入,revenue,59080.0
KED39D6F381,2023,其他收入,revenue,1630600.0
KED39D6F381,2023,收入合計,total,21233286.0
KED39D6F381,2023,人事費,expense,13743920.0
KED39D6F381,2023,業務費,expense,368491.0
KED39D6F381,2023,材料費,expense,2153436.0
KED39D6F381,2023,維護費,expense,128805.0
KED39D6F381,2023,修繕購置費,expense,233137.0
KED39D6F381,2023,雜支,expense,4886.0
KED39D6F381,2023,行政管理費,expense,278859.0
KED39D6F381,2023,業務發展費,expense,2632970.0
KED39D6F381,2023,延長照顧服務支出,expense,16540.0
KED39D6F381,2023,其他支出,expense,1630600.0
KED39D6F381,2023,支出合計,total,21190644.0
KED39D6F381,2023,本期稅前餘絀,surplus,42642.0
KED39D6F381,2023,本期稅後餘絀,surplus,42642.0
K78C0A96435,2023,教保費收入,revenue,20126571.0
K78C0A96435,2023,教保費收入減項,revenue,-249045.0
K78C0A96435,2023,延長照顧服務收入,revenue,261120.0
K78C0A96435,2023,利息收入,revenue,31272.0
K78C0A96435,2023,其他收入,revenue,1349052.0
K78C0A96435,2023,收入合計,total,21518970.0
K78C0A96435,2023,人事費,expense,11672852.0
K78C0A96435,2023,業務費,expense,567779.0
K78C0A96435,2023,材料費,expense,1710073.0
K78C0A96435,2023,維護費,expense,30760.0
K78C0A96435,2023,修繕購置費,expense,352261.0
K78C0A96435,2023,雜支,expense,51860.0
K78C0A96435,2023,行政管理費,expense,331494.0
K78C0A96435,2023,業務發展費,expense,1422994.0
K78C0A96435,2023,延長照顧服務支出,expense,192194.0
K78C0A96435,2023,其他支出,expense,1349052.0
K78C0A96435,2023,支出合計,total,17681319.0
K78C0A96435,2023,本期稅前餘絀,surplus,3837651.0
K78C0A96435,2023,所得稅費用,expense,29779.0
K78C0A96435,2023,本期稅後餘絀,surplus,3807872.0
KD6A7087AF1,2023,教保費收入,revenue,10984255.0
KD6A7087AF1,2023,教保費收入減項,revenue,-147150.0
KD6A7087AF1,2023,延長照顧服務收入,revenue,208840.0
KD6A7087AF1,2023,利息收入,revenue,17256.0
KD6A7087AF1,2023,其他收入,revenue,659194.0
KD6A7087AF1,2023,收入合計,total,11722395.0
KD6A7087AF1,2023,人事費,expense,6472036.0
KD6A7087AF1,2023,業務費,expense,497683.0
KD6A7087AF1,2023,材料費,expense,1056515.0
KD6A7087AF1,2023,維護費,expense,70041.0
KD6A7087AF1,2023,修繕購置費,expense,109693.0
KD6A7087AF1,2023,公共事務管理費,expense,350.0
KD6A7087AF1,2023,雜支,expense,21539.0
KD6A7087AF1,2023,行政管理費,expense,224685.0
KD6A7087AF1,2023,業務發展費,expense,2373000.0
KD6A7087AF1,2023,延長照顧服務支出,expense,91009.0
KD6A7087AF1,2023,其他支出,expense,659194.0
KD6A7087AF1,2023,支出合計,total,11576645.0
KD6A7087AF1,2023,本期稅前餘絀,surplus,145750.0
KD6A7087AF1,2023,所得稅費用,expense,8.0
KD6A7087AF1,2023,本期稅後餘絀,surplus,145750.0
K2415A70C05,2024,教保費收入,revenue,17990000.0
K2415A70C05,2024,教保費收入減項,revenue,-68050.0
K2415A70C05,2024,延長照顧服務收入,revenue,257480.0
K2415A70C05,2024,利息收入,revenue,211286.0
K2415A70C05,2024,其他收入,revenue,1765262.0
K2415A70C05,2024,收入合計,total,20155978.0
K2415A70C05,2024,人事費,expense,11978248.0
K2415A70C05,2024,業務費,expense,382209.0
K2415A70C05,2024,材料費,expense,1890864.0
K2415A70C05,2024,維護費,expense,106064.0
K2415A70C05,2024,修繕購置費,expense,128643.0
K2415A70C05,2024,雜支,expense,20662.0
K2415A70C05,2024,行政管理費,expense,290580.0
K2415A70C05,2024,業務發展費,expense,5420000.0
K2415A70C05,2024,延長照顧服務支出,expense,162217.0
K2415A70C05,2024,其他支出,expense,1765262.0
K2415A70C05,2024,支出合計,total,22144749.0
K2415A70C05,2024,本期稅前餘絀,surplus,-1088771.0
K2415A70C05,2024,本期稅後餘絀,surplus,-1988771.0
K15CCE45A4E,2024,教保費收入,revenue,14066000.0
K15CCE45A4E,2024,延長照顧服務收入,revenue,106755.0
K15CCE45A4E,2024,利息收入,revenue,92442.0
K15CCE45A4E,2024,其他收入,revenue,1652090.0
K15CCE45A4E,2024,收入合計,total,15866725.0
K15CCE45A4E,2024,人事費,expense,9040242.0
K15CCE45A4E,2024,業務費,expense,485428.0
K15CCE45A4E,2024,材料費,expense,1120241.0
K15CCE45A4E,2024,維護費,expense,44629.0
K15CCE45A4E,2024,修繕購置費,expense,288508.0
K15CCE45A4E,2024,公共事務管理費,expense,21756.0
K15CCE45A4E,2024,雜支,expense,4794.0
K15CCE45A4E,2024,行政管理費,expense,222612.0
K15CCE45A4E,2024,業務發展費,expense,2204787.0
K15CCE45A4E,2024,延長照顧服務支出,expense,106755.0
K15CCE45A4E,2024,其他支出,expense,1652090.0
K15CCE45A4E,2024,支出合計,total,15191842.0
K15CCE45A4E,2024,本期稅前餘絀,surplus,674883.0
K15CCE45A4E,2024,本期稅後餘絀,surplus,674883.0
K54E0E6A4A2,2024,教保費收入,revenue,11931000.0
K54E0E6A4A2,2024,教保費收入減項,revenue,-306130.0
K54E0E6A4A2,2024,延長照顧服務收入,revenue,186132.0
K54E0E6A4A2,2024,利息收入,revenue,85197.0
K54E0E6A4A2,2024,其他收入,revenue,948203.0
K54E0E6A4A2,2024,收入合計,total,12844402.0
K54E0E6A4A2,2024,人事費,expense,8710840.0
K54E0E6A4A2,2024,業務費,expense,498463.0
K54E0E6A4A2,2024,材料費,expense,1183148.0
K54E0E6A4A2,2024,維護費,expense,98854.0
K54E0E6A4A2,2024,修繕購置費,expense,91690.0
K54E0E6A4A2,2024,雜支,expense,3671.0
K54E0E6A4A2,2024,行政管理費,expense,182054.0
K54E0E6A4A2,2024,業務發展費,expense,1699800.0
K54E0E6A4A2,2024,延長照顧服務支出,expense,185752.0
K54E0E6A4A2,2024,其他支出,expense,948203.0
K54E0E6A4A2,2024,支出合計,total,13604475.0
K54E0E6A4A2,2024,本期稅前餘絀,surplus,-760073.0
K54E0E6A4A2,2024,本期稅後餘絀,surplus,-760073.0
KDF998FD925,2024,教保費收入,revenue,7608000.0
KDF998FD925,2024,教保費收入減項,revenue,-238368.0
KDF998FD925,2024,延長照顧服務收入,revenue,85540.0
KDF998FD925,2024,利息收入,revenue,41695.0
KDF998FD925,2024,其他收入,revenue,854260.0
KDF998FD925,2024,收入合計,total,8351127.0
KDF998FD925,2024,人事費,expense,5072224.0
KDF998FD925,2024,業務費,expense,391984.0
KDF998FD925,2024,材料費,expense,862438.0
KDF998FD925,2024,維護費,expense,49846.0
KDF998FD925,2024,修繕購置費,expense,234047.0
KDF998FD925,2024,雜支,expense,12400.0
KDF998FD925,2024,行政管理費,expense,138456.0
KDF998FD925,2024,業務發展費,expense,1170000.0
KDF998FD925,2024,延長照顧服務支出,expense,85540.0
KDF998FD925,2024,其他支出,expense,854260.0
KDF998FD925,2024,支出合計,total,8871195.0
KDF998FD925,2024,本期稅後餘絀,surplus,-520068.0
K25B89B6B3E,2024,教保費收入,revenue,12232000.0
K25B89B6B3E,2024,教保費收入減項,revenue,-260968.0
K25B89B6B3E,2024,延長照顧服務收入,revenue,127995.0
K25B89B6B3E,2024,利息收入,revenue,105887.0
K25B89B6B3E,2024,其他收入,revenue,999581.0
K25B89B6B3E,2024,收入合計,total,13204495.0
K25B89B6B3E,2024,人事費,expense,6363884.0
K25B89B6B3E,2024,業務費,expense,298788.0
K25B89B6B3E,2024,材料費,expense,811922.0
K25B89B6B3E,2024,維護費,expense,127280.0
K25B89B6B3E,2024,修繕購置費,expense,55784.0
K25B89B6B3E,2024,雜支,expense,39257.0
K25B89B6B3E,2024,行政管理費,expense,197754.0
K25B89B6B3E,2024,業務發展費,expense,2575405.0
K25B89B6B3E,2024,延長照顧服務支出,expense,127995.0
K25B89B6B3E,2024,其他支出,expense,999581.0
K25B89B6B3E,2024,支出合計,total,11597650.0
K25B89B6B3E,2024,本期稅前餘絀,surplus,1606845.0
K25B89B6B3E,2024,本期稅後餘絀,surplus,1606845.0
KB7027794AA,2024,教保費收入,revenue,-128971.0
KB7027794AA,2024,教保費收入減項,revenue,-76214.0
KB7027794AA,2024,延長照顧服務收入,revenue,92310.0
KB7027794AA,2024,利息收入,revenue,94566.0
KB7027794AA,2024,其他收入,revenue,2756369.0
KB7027794AA,2024,收入合計,total,14632460.0
KB7027794AA,2024,人事費,expense,7955962.0
KB7027794AA,2024,業務費,expense,501842.0
KB7027794AA,2024,材料費,expense,1638179.0
KB7027794AA,2024,維護費,expense,70966.0
KB7027794AA,2024,修繕購置費,expense,157505.0
KB7027794AA,2024,雜支,expense,8140.0
KB7027794AA,2024,行政管理費,expense,277604.0
KB7027794AA,2024,業務發展費,expense,1783086.0
KB7027794AA,2024,延長照顧服務支出,expense,85320.0
KB7027794AA,2024,其他支出,expense,2756369.0
KB7027794AA,2024,支出合計,total,152349073.0
KB7027794AA,2024,本期稅前餘絀,surplus,-602513.0
KB7027794AA,2024,本期稅後餘絀,surplus,-602513.0
KA17D8F5F9A,2024,教保費收入,revenue,19063795.0
KA17D8F5F9A,2024,教保費收入減項,revenue,-135318.0
KA17D8F5F9A,2024,延長照顧服務收入,revenue,337990.0
KA17D8F5F9A,2024,利息收入,revenue,197821.0
KA17D8F5F9A,2024,其他收入,revenue,2652139.0
KA17D8F5F9A,2024,收入合計,total,29145666.0
KA17D8F5F9A,2024,人事費,expense,17915419.0
KA17D8F5F9A,2024,業務費,expense,596627.0
KA17D8F5F9A,2024,材料費,expense,2067204.0
KA17D8F5F9A,2024,維護費,expense,129310.0
KA17D8F5F9A,2024,修繕購置費,expense,172003.0
KA17D8F5F9A,2024,雜支,expense,13402.0
KA17D8F5F9A,2024,行政管理費,expense,355553.0
KA17D8F5F9A,2024,業務發展費,expense,1170239.0
KA17D8F5F9A,2024,延長照顧服務支出,expense,337990.0
KA17D8F5F9A,2024,其他支出,expense,2652139.0
KA17D8F5F9A,2024,支出合計,total,25409886.0
KA17D8F5F9A,2024,本期稅前餘絀,surplus,3735780.0
KA17D8F5F9A,2024,所得稅費用,expense,1109813.0
KA17D8F5F9A,2024,本期稅後餘絀,surplus,2625967.0
K9FE59C70CF,2024,教保費收入,revenue,11529155.0
K9FE59C70CF,2024,教保費收入減項,revenue,-102267.0
K9FE59C70CF,2024,延長照顧服務收入,revenue,178000.0
K9FE59C70CF,2024,利息收入,revenue,178840.0
K9FE59C70CF,2024,其他收入,revenue,3739546.0
K9FE59C70CF,2024,收入合計,total,15523274.0
K9FE59C70CF,2024,人事費,expense,7810400.0
K9FE59C70CF,2024,業務費,expense,493617.0
K9FE59C70CF,2024,材料費,expense,1386265.0
K9FE59C70CF,2024,維護費,expense,92427.0
K9FE59C70CF,2024,修繕購置費,expense,130993.0
K9FE59C70CF,2024,雜支,expense,2222.0
K9FE59C70CF,2024,行政管理費,expense,256640.0
K9FE59C70CF,2024,業務發展費,expense,2245150.0
K9FE59C70CF,2024,延長照顧服務支出,expense,131674.0
K9FE59C70CF,2024,其他支出,expense,3739546.0
K9FE59C70CF,2024,支出合計,total,16288934.0
K9FE59C70CF,2024,本期稅前餘絀,surplus,-765660.0
K9FE59C70CF,2024,本期稅後餘絀,surplus,-765660.0
K5BDC0C740F,2024,教保費收入,revenue,6342600.0
K5BDC0C740F,2024,教保費收入減項,revenue,-88005.0
K5BDC0C740F,2024,延長照顧服務收入,revenue,214470.0
K5BDC0C740F,2024,利息收入,revenue,120327.0
K5BDC0C740F,2024,其他收入,revenue,1983942.0
K5BDC0C740F,2024,收入合計,total,15297334.0
K5BDC0C740F,2024,人事費,expense,4817555.0
K5BDC0C740F,2024,業務費,expense,345000.0
K5BDC0C740F,2024,材料費,expense,850077.0
K5BDC0C740F,2024,維護費,expense,116894.0
K5BDC0C740F,2024,修繕購置費,expense,98986.0
K5BDC0C740F,2024,公共事務管理費,expense,72360.0
K5BDC0C740F,2024,雜支,expense,28993.0
K5BDC0C740F,2024,行政管理費,expense,150144.0
K5BDC0C740F,2024,業務發展費,expense,1419000.0
K5BDC0C740F,2024,延長照顧服務支出,expense,214470.0
K5BDC0C740F,2024,其他支出,expense,1983942.0
K5BDC0C740F,2024,呆帳損失,expense,7617.0
K5BDC0C740F,2024,支出合計,total,10105038.0
K5BDC0C740F,2024,本期稅前餘絀,surplus,5192296.0
K5BDC0C740F,2024,所得稅費用,expense,1278682.0
K5BDC0C740F,2024,本期稅後餘絀,surplus,3913614.0
K9A79920811,2024,教保費收入,revenue,13254220.0
K9A79920811,2024,教保費收入減項,revenue,-36111.0
K9A79920811,2024,延長照顧服務收入,revenue,180695.0
K9A79920811,2024,利息收入,revenue,101241.0
K9A79920811,2024,其他收入,revenue,4052931.0
K9A79920811,2024,收入合計,total,17552976.0
K9A79920811,2024,人事費,expense,9314356.0
K9A79920811,2024,業務費,expense,610060.0
K9A79920811,2024,材料費,expense,1664885.0
K9A79920811,2024,維護費,expense,111706.0
K9A79920811,2024,修繕購置費,expense,162717.0
K9A79920811,2024,雜支,expense,14453.0
K9A79920811,2024,行政管理費,expense,254640.0
K9A79920811,2024,業務發展費,expense,1709900.0
K9A79920811,2024,延長照顧服務支出,expense,180695.0
K9A79920811,2024,其他支出,expense,4052931.0
K9A79920811,2024,支出合計,total,18076343.0
K9A79920811,2024,本期稅前餘絀,surplus,-523367.0
K9A79920811,2024,本期稅後餘絀,surplus,-523367.0
KF31C21F4B0,2024,教保費收入,revenue,16546000.0
KF31C21F4B0,2024,教保費收入減項,revenue,-116098.0
KF31C21F4B0,2024,延長照顧服務收入,revenue,26900.0
KF31C21F4B0,2024,利息收入,revenue,144148.0
KF31C21F4B0,2024,其他收入,revenue,2379074.0
KF31C21F4B0,2024,收入合計,total,18980024.0
KF31C21F4B0,2024,人事費,expense,11667233.0
KF31C21F4B0,2024,業務費,expense,664439.0
KF31C21F4B0,2024,材料費,expense,1656932.0
KF31C21F4B0,2024,維護費,expense,88581.0
KF31C21F4B0,2024,修繕購置費,expense,177836.0
KF31C21F4B0,2024,雜支,expense,52628.0
KF31C21F4B0,2024,行政管理費,expense,311556.0
KF31C21F4B0,2024,業務發展費,expense,1400000.0
KF31C21F4B0,2024,延長照顧服務支出,expense,26900.0
KF31C21F4B0,2024,其他支出,expense,2379074.0
KF31C21F4B0,2024,支出合計,total,18425179.0
KF31C21F4B0,2024,本期稅前餘絀,surplus,554845.0
KF31C21F4B0,2024,本期稅後餘絀,surplus,554845.0
K633CC054A3,2024,教保費收入,revenue,9835310.0
K633CC054A3,2024,教保費收入減項,revenue,-88755.0
K633CC054A3,2024,延長照顧服務收入,revenue,50060.0
K633CC054A3,2024,利息收入,revenue,105646.0
K633CC054A3,2024,其他收入,revenue,76055.0
K633CC054A3,2024,收入合計,total,87424.0
K633CC054A3,2024,人事費,expense,6740619.0
K633CC054A3,2024,業務費,expense,303580.0
K633CC054A3,2024,材料費,expense,927786.0
K633CC054A3,2024,維護費,expense,68815.0
K633CC054A3,2024,修繕購置費,expense,80585.0
K633CC054A3,2024,雜支,expense,608.0
K633CC054A3,2024,行政管理費,expense,203036.0
K633CC054A3,2024,業務發展費,expense,2247000.0
K633CC054A3,2024,延長照顧服務支出,expense,17192.0
K633CC054A3,2024,其他支出,expense,76055.0
K633CC054A3,2024,支出合計,total,1356145.0
K633CC054A3,2024,本期稅前餘絀,surplus,-692433.0
K633CC054A3,2024,本期稅後餘絀,surplus,-692433.0
KBDDA1A2637,2024,教保費收入,revenue,12364000.0
KBDDA1A2637,2024,教保費收入減項,revenue,-56881.0
KBDDA1A2637,2024,延長照顧服務收入,revenue,170050.0
KBDDA1A2637,2024,利息收入,revenue,132017.0
KBDDA1A2637,2024,其他收入,revenue,1496858.0
KBDDA1A2637,2024,收入合計,total,14106044.0
KBDDA1A2637,2024,人事費,expense,8185812.0
KBDDA1A2637,2024,業務費,expense,496399.0
KBDDA1A2637,2024,材料費,expense,1334287.0
KBDDA1A2637,2024,維護費,expense,101531.0
KBDDA1A2637,2024,修繕購置費,expense,95420.0
KBDDA1A2637,2024,雜支,expense,19318.0
KBDDA1A2637,2024,行政管理費,expense,214418.0
KBDDA1A2637,2024,業務發展費,expense,2000000.0
KBDDA1A2637,2024,延長照顧服務支出,expense,62485.0
KBDDA1A2637,2024,其他支出,expense,1496858.0
KBDDA1A2637,2024,支出合計,total,14006528.0
KBDDA1A2637,2024,本期稅前餘絀,surplus,99516.0
KBDDA1A2637,2024,本期稅後餘絀,surplus,99516.0
K8D89087028,2024,教保費收入,revenue,21363539.0
K8D89087028,2024,教保費收入減項,revenue,-50450.0
K8D89087028,2024,延長照顧服務收入,revenue,170414.0
K8D89087028,2024,利息收入,revenue,92854.0
K8D89087028,2024,其他收入,revenue,2314803.0
K8D89087028,2024,收入合計,total,23891160.0
K8D89087028,2024,人事費,expense,15550045.0
K8D89087028,2024,業務費,expense,453828.0
K8D89087028,2024,材料費,expense,2095276.0
K8D89087028,2024,維護費,expense,72907.0
K8D89087028,2024,修繕購置費,expense,153048.0
K8D89087028,2024,雜支,expense,7964.0
K8D89087028,2024,行政管理費,expense,282955.0
K8D89087028,2024,業務發展費,expense,1274758.0
K8D89087028,2024,延長照顧服務支出,expense,170264.0
K8D89087028,2024,其他支出,expense,2314803.0
K8D89087028,2024,支出合計,total,22375848.0
K8D89087028,2024,本期稅前餘絀,surplus,1515312.0
K8D89087028,2024,本期稅後餘絀,surplus,1515312.0
K1903EBE606,2024,教保費收入,revenue,23221261.0
K1903EBE606,2024,教保費收入減項,revenue,-171324.0
K1903EBE606,2024,延長照顧服務收入,revenue,531620.0
K1903EBE606,2024,利息收入,revenue,277653.0
K1903EBE606,2024,其他收入,revenue,4327919.0
K1903EBE606,2024,收入合計,total,28187129.0
K1903EBE606,2024,人事費,expense,16137029.0
K1903EBE606,2024,業務費,expense,601854.0
K1903EBE606,2024,材料費,expense,2369802.0
K1903EBE606,2024,維護費,expense,105887.0
K1903EBE606,2024,修繕購置費,expense,198700.0
K1903EBE606,2024,雜支,expense,8459.0
K1903EBE606,2024,行政管理費,expense,388674.0
K1903EBE606,2024,業務發展費,expense,4485615.0
K1903EBE606,2024,延長照顧服務支出,expense,326853.0
K1903EBE606,2024,其他支出,expense,4327919.0
K1903EBE606,2024,支出合計,total,28950792.0
K1903EBE606,2024,本期稅前餘絀,surplus,-763663.0
K1903EBE606,2024,本期稅後餘絀,surplus,-763663.0
K67A61067B3,2024,教保費收入,revenue,14032434.0
K67A61067B3,2024,教保費收入減項,revenue,-57571.0
K67A61067B3,2024,延長照顧服務收入,revenue,360800.0
K67A61067B3,2024,利息收入,revenue,153964.0
K67A61067B3,2024,其他收入,revenue,3540258.0
K67A61067B3,2024,收入合計,total,18029885.0
K67A61067B3,2024,人事費,expense,8896657.0
K67A61067B3,2024,業務費,expense,429039.0
K67A61067B3,2024,材料費,expense,1744947.0
K67A61067B3,2024,維護費,expense,56656.0
K67A61067B3,2024,修繕購置費,expense,208025.0
K67A61067B3,2024,雜支,expense,1480.0
K67A61067B3,2024,行政管理費,expense,275604.0
K67A61067B3,2024,業務發展費,expense,1465000.0
K67A61067B3,2024,延長照顧服務支出,expense,360800.0
K67A61067B3,2024,其他支出,expense,3540258.0
K67A61067B3,2024,支出合計,total,16978466.0
K67A61067B3,2024,本期稅前餘絀,surplus,1051419.0
K67A61067B3,2024,本期稅後餘絀,surplus,1051419.0
K81731FCDA3,2024,教保費收入,revenue,16276000.0
K81731FCDA3,2024,延長照顧服務收入,revenue,303760.0
K81731FCDA3,2024,利息收入,revenue,157355.0
K81731FCDA3,2024,其他收入,revenue,1986073.0
K81731FCDA3,2024,收入合計,total,18611616.0
K81731FCDA3,2024,人事費,expense,10895768.0
K81731FCDA3,2024,業務費,expense,448710.0
K81731FCDA3,2024,材料費,expense,1623097.0
K81731FCDA3,2024,維護費,expense,108593.0
K81731FCDA3,2024,修繕購置費,expense,137352.0
K81731FCDA3,2024,雜支,expense,12494.0
K81731FCDA3,2024,行政管理費,expense,290580.0
K81731FCDA3,2024,業務發展費,expense,2565534.0
K81731FCDA3,2024,延長照顧服務支出,expense,225883.0
K81731FCDA3,2024,其他支出,expense,1986073.0
K81731FCDA3,2024,支出合計,total,18294084.0
K81731FCDA3,2024,本期稅前餘絀,surplus,317532.0
K81731FCDA3,2024,本期稅後餘絀,surplus,317532.0
KE2E8B37088,2024,教保費收入,revenue,13946000.0
KE2E8B37088,2024,教保費收入減項,revenue,-147384.0
KE2E8B37088,2024,延長照顧服務收入,revenue,184275.0
KE2E8B37088,2024,利息收入,revenue,95156.0
KE2E8B37088,2024,其他收入,revenue,3698664.0
KE2E8B37088,2024,收入合計,total,17776711.0
KE2E8B37088,2024,人事費,expense,9406758.0
KE2E8B37088,2024,業務費,expense,497853.0
KE2E8B37088,2024,材料費,expense,1834500.0
KE2E8B37088,2024,維護費,expense,155288.0
KE2E8B37088,2024,修繕購置費,expense,152299.0
KE2E8B37088,2024,雜支,expense,13810.0
KE2E8B37088,2024,行政管理費,expense,275604.0
KE2E8B37088,2024,業務發展費,expense,634865.0
KE2E8B37088,2024,延長照顧服務支出,expense,184275.0
KE2E8B37088,2024,其他支出,expense,3698664.0
KE2E8B37088,2024,支出合計,total,16853016.0
KE2E8B37088,2024,本期稅前餘絀,surplus,922795.0
KE2E8B37088,2024,本期稅後餘絀,surplus,922795.0
KF984F05B3B,2024,教保費收入,revenue,17740000.0
KF984F05B3B,2024,教保費收入減項,revenue,-72440.0
KF984F05B3B,2024,延長照顧服務收入,revenue,171745.0
KF984F05B3B,2024,利息收入,revenue,85717.0
KF984F05B3B,2024,其他收入,revenue,2381021.0
KF984F05B3B,2024,收入合計,total,20306043.0
KF984F05B3B,2024,人事費,expense,11556371.0
KF984F05B3B,2024,業務費,expense,507800.0
KF984F05B3B,2024,材料費,expense,1820943.0
KF984F05B3B,2024,維護費,expense,100057.0
KF984F05B3B,2024,修繕購置費,expense,153671.0
KF984F05B3B,2024,雜支,expense,17564.0
KF984F05B3B,2024,行政管理費,expense,311956.0
KF984F05B3B,2024,業務發展費,expense,3580000.0
KF984F05B3B,2024,延長照顧服務支出,expense,171745.0
KF984F05B3B,2024,其他支出,expense,2381021.0
KF984F05B3B,2024,支出合計,total,20601128.0
KF984F05B3B,2024,本期稅前餘絀,surplus,-295085.0
KF984F05B3B,2024,本期稅後餘絀,surplus,-295083.0
K557631E383,2024,教保費收入,revenue,21156000.0
K557631E383,2024,教保費收入減項,revenue,-122291.0
K557631E383,2024,延長照顧服務收入,revenue,550405.0
K557631E383,2024,利息收入,revenue,98978.0
K557631E383,2024,其他收入,revenue,3881661.0
K557631E383,2024,收入合計,total,25564753.0
K557631E383,2024,人事費,expense,13308102.0
K557631E383,2024,業務費,expense,906908.0
K557631E383,2024,材料費,expense,2218804.0
K557631E383,2024,維護費,expense,152371.0
K557631E383,2024,修繕購置費,expense,232239.0
K557631E383,2024,公共事務管理費,expense,88488.0
K557631E383,2024,雜支,expense,9550.0
K557631E383,2024,行政管理費,expense,348134.0
K557631E383,2024,延長照顧服務支出,expense,294474.0
K557631E383,2024,其他支出,expense,3881661.0
K557631E383,2024,支出合計,total,21440731.0
K557631E383,2024,本期稅前餘絀,surplus,4124022.0
K557631E383,2024,本期稅後餘絀,surplus,4124022.0
KEF0B2D1C01,2024,教保費收入,revenue,12013454.0
KEF0B2D1C01,2024,教保費收入減項,revenue,-64470.0
KEF0B2D1C01,2024,延長照顧服務收入,revenue,126950.0
KEF0B2D1C01,2024,利息收入,revenue,145278.0
KEF0B2D1C01,2024,其他收入,revenue,1020891.0
KEF0B2D1C01,2024,收入合計,total,14142103.0
KEF0B2D1C01,2024,人事費,expense,6659960.0
KEF0B2D1C01,2024,業務費,expense,347713.0
KEF0B2D1C01,2024,材料費,expense,1107119.0
KEF0B2D1C01,2024,維護費,expense,41015.0
KEF0B2D1C01,2024,修繕購置費,expense,69416.0
KEF0B2D1C01,2024,公共事務管理費,expense,120000.0
KEF0B2D1C01,2024,雜支,expense,8960.0
KEF0B2D1C01,2024,行政管理費,expense,208236.0
KEF0B2D1C01,2024,業務發展費,expense,2383133.0
KEF0B2D1C01,2024,延長照顧服務支出,expense,114405.0
KEF0B2D1C01,2024,其他支出,expense,1920891.0
KEF0B2D1C01,2024,支出合計,total,13684798.0
KEF0B2D1C01,2024,本期稅前餘絀,surplus,457305.0
KEF0B2D1C01,2024,本期稅後餘絀,surplus,457305.0
KF3442B4BCB,2024,教保費收入,revenue,12570095.0
KF3442B4BCB,2024,教保費收入減項,revenue,-78287.0
KF3442B4BCB,2024,延長照顧服務收入,revenue,147170.0
KF3442B4BCB,2024,利息收入,revenue,147400.0
KF3442B4BCB,2024,其他收入,revenue,1915580.0
KF3442B4BCB,2024,收入合計,total,14701958.0
KF3442B4BCB,2024,人事費,expense,6584499.0
KF3442B4BCB,2024,業務費,expense,333089.0
KF3442B4BCB,2024,材料費,expense,1234416.0
KF3442B4BCB,2024,維護費,expense,83937.0
KF3442B4BCB,2024,修繕購置費,expense,46770.0
KF3442B4BCB,2024,公共事務管理費,expense,120000.0
KF3442B4BCB,2024,雜支,expense,7045.0
KF3442B4BCB,2024,行政管理費,expense,218518.0
KF3442B4BCB,2024,業務發展費,expense,2927000.0
KF3442B4BCB,2024,延長照顧服務支出,expense,147170.0
KF3442B4BCB,2024,其他支出,expense,1915580.0
KF3442B4BCB,2024,支出合計,total,14265648.0
KF3442B4BCB,2024,本期稅前餘絀,surplus,436310.0
KF3442B4BCB,2024,本期稅後餘絀,surplus,436310.0
KBEC7666275,2024,教保費收入,revenue,13677000.0
KBEC7666275,2024,教保費收入減項,revenue,-395232.0
KBEC7666275,2024,延長照顧服務收入,revenue,118098.0
KBEC7666275,2024,利息收入,revenue,115127.0
KBEC7666275,2024,其他收入,revenue,2197052.0
KBEC7666275,2024,收入合計,total,15712945.0
KBEC7666275,2024,人事費,expense,8617050.0
KBEC7666275,2024,業務費,expense,596676.0
KBEC7666275,2024,材料費,expense,1268187.0
KBEC7666275,2024,維護費,expense,131372.0
KBEC7666275,2024,修繕購置費,expense,125691.0
KBEC7666275,2024,雜支,expense,19203.0
KBEC7666275,2024,行政管理費,expense,259140.0
KBEC7666275,2024,業務發展費,expense,3005377.0
KBEC7666275,2024,延長照顧服務支出,expense,118998.0
KBEC7666275,2024,其他支出,expense,2197052.0
KBEC7666275,2024,支出合計,total,16339646.0
KBEC7666275,2024,本期稅前餘絀,surplus,-626701.0
KBEC7666275,2024,本期稅後餘絀,surplus,-626701.0
K506842339C,2024,教保費收入,revenue,9558952.0
K506842339C,2024,教保費收入減項,revenue,-66551.0
K506842339C,2024,延長照顧服務收入,revenue,290310.0
K506842339C,2024,利息收入,revenue,127148.0
K506842339C,2024,其他收入,revenue,2537028.0
K506842339C,2024,收入合計,total,12446887.0
K506842339C,2024,人事費,expense,5939032.0
K506842339C,2024,業務費,expense,300597.0
K506842339C,2024,材料費,expense,994731.0
K506842339C,2024,維護費,expense,53705.0
K506842339C,2024,修繕購置費,expense,44118.0
K506842339C,2024,雜支,expense,1184.0
K506842339C,2024,行政管理費,expense,192336.0
K506842339C,2024,業務發展費,expense,2588078.0
K506842339C,2024,延長照顧服務支出,expense,229902.0
K506842339C,2024,其他支出,expense,2537028.0
K506842339C,2024,支出合計,total,12880711.0
K506842339C,2024,本期稅前餘絀,surplus,-433824.0
K506842339C,2024,所得稅費用,expense,24909.0
K506842339C,2024,本期稅後餘絀,surplus,-458733.0
K4574C62080,2024,教保費收入,revenue,11868007.0
K4574C62080,2024,教保費收入減項,revenue,-95349.0
K4574C62080,2024,延長照顧服務收入,revenue,252000.0
K4574C62080,2024,利息收入,revenue,130429.0
K4574C62080,2024,其他收入,revenue,3330291.0
K4574C62080,2024,收入合計,total,21808378.0
K4574C62080,2024,人事費,expense,8380317.0
K4574C62080,2024,業務費,expense,467780.0
K4574C62080,2024,材料費,expense,1465773.0
K4574C62080,2024,維護費,expense,70596.0
K4574C62080,2024,修繕購置費,expense,144579.0
K4574C62080,2024,雜支,expense,3767.0
K4574C62080,2024,行政管理費,expense,258804.0
K4574C62080,2024,業務發展費,expense,2259000.0
K4574C62080,2024,延長照顧服務支出,expense,226504.0
K4574C62080,2024,其他支出,expense,3330291.0
K4574C62080,2024,支出合計,total,16607411.0
K4574C62080,2024,本期稅前餘絀,surplus,5200967.0
K4574C62080,2024,所得稅費用,expense,1358026.0
K4574C62080,2024,本期稅後餘絀,surplus,38420941.0
K67BABA0726,2024,教保費收入,revenue,10041500.0
K67BABA0726,2024,教保費收入減項,revenue,-219986.0
K67BABA0726,2024,延長照顧服務收入,revenue,221940.0
K67BABA0726,2024,利息收入,revenue,90570.0
K67BABA0726,2024,其他收入,revenue,3134345.0
K67BABA0726,2024,收入合計,total,14434369.0
K67BABA0726,2024,人事費,expense,7742381.0
K67BABA0726,2024,業務費,expense,519163.0
K67BABA0726,2024,材料費,expense,1245833.0
K67BABA0726,2024,維護費,expense,116131.0
K67BABA0726,2024,修繕購置費,expense,131067.0
K67BABA0726,2024,雜支,expense,41712.0
K67BABA0726,2024,行政管理費,expense,261628.0
K67BABA0726,2024,延長照顧服務支出,expense,221940.0
K67BABA0726,2024,其他支出,expense,3134345.0
K67BABA0726,2024,支出合計,total,13414200.0
K67BABA0726,2024,本期稅前餘絀,surplus,1020169.0
K67BABA0726,2024,本期稅後餘絀,surplus,1020169.0
KDD826D2227,2024,教保費收入,revenue,11432182.0
KDD826D2227,2024,教保費收入減項,revenue,-81813.0
KDD826D2227,2024,延長照顧服務收入,revenue,405315.0
KDD826D2227,2024,利息收入,revenue,145697.0
KDD826D2227,2024,其他收入,revenue,3335622.0
KDD826D2227,2024,收入合計,total,15237003.0
KDD826D2227,2024,人事費,expense,28796.0
KDD826D2227,2024,業務費,expense,344209.0
KDD826D2227,2024,材料費,expense,1307468.0
KDD826D2227,2024,維護費,expense,39925.0
KDD826D2227,2024,修繕購置費,expense,138450.0
KDD826D2227,2024,雜支,expense,2500.0
KDD826D2227,2024,行政管理費,expense,254640.0
KDD826D2227,2024,業務發展費,expense,2603007.0
KDD826D2227,2024,延長照顧服務支出,expense,195044.0
KDD826D2227,2024,其他支出,expense,3335622.0
KDD826D2227,2024,支出合計,total,16249661.0
KDD826D2227,2024,本期稅前餘絀,surplus,-1012658.0
KDD826D2227,2024,本期稅後餘絀,surplus,-1012658.0
K6E947C0B9C,2024,教保費收入,revenue,24377000.0
K6E947C0B9C,2024,教保費收入減項,revenue,-155352.0
K6E947C0B9C,2024,延長照顧服務收入,revenue,303880.0
K6E947C0B9C,2024,利息收入,revenue,165025.0
K6E947C0B9C,2024,其他收入,revenue,5485082.0
K6E947C0B9C,2024,收入合計,total,30175635.0
K6E947C0B9C,2024,人事費,expense,14347.0
K6E947C0B9C,2024,業務費,expense,1273608.0
K6E947C0B9C,2024,材料費,expense,73000.0
K6E947C0B9C,2024,維護費,expense,190000.0
K6E947C0B9C,2024,修繕購置費,expense,231423.0
K6E947C0B9C,2024,雜支,expense,28256.0
K6E947C0B9C,2024,行政管理費,expense,385284.0
K6E947C0B9C,2024,業務發展費,expense,4220261.0
K6E947C0B9C,2024,延長照顧服務支出,expense,303880.0
K6E947C0B9C,2024,其他支出,expense,5485082.0
K6E947C0B9C,2024,支出合計,total,20190029.0
K6E947C0B9C,2024,本期稅前餘絀,surplus,9085606.0
K6E947C0B9C,2024,本期稅後餘絀,surplus,285606.0
K39DA25503E,2024,教保費收入,revenue,28968296.0
K39DA25503E,2024,教保費收入減項,revenue,-215449.0
K39DA25503E,2024,延長照顧服務收入,revenue,420570.0
K39DA25503E,2024,利息收入,revenue,168287.0
K39DA25503E,2024,其他收入,revenue,4618239.0
K39DA25503E,2024,收入合計,total,33959943.0
K39DA25503E,2024,人事費,expense,18850777.0
K39DA25503E,2024,業務費,expense,909053.0
K39DA25503E,2024,材料費,expense,3367480.0
K39DA25503E,2024,維護費,expense,246901.0
K39DA25503E,2024,修繕購置費,expense,226551.0
K39DA25503E,2024,雜支,expense,20651.0
K39DA25503E,2024,行政管理費,expense,400000.0
K39DA25503E,2024,業務發展費,expense,3590000.0
K39DA25503E,2024,延長照顧服務支出,expense,400801.0
K39DA25503E,2024,其他支出,expense,4617879.0
K39DA25503E,2024,支出合計,total,32630093.0
K39DA25503E,2024,本期稅前餘絀,surplus,13329850.0
K39DA25503E,2024,本期稅後餘絀,surplus,1329850.0
KC0365E3036,2024,教保費收入,revenue,13373091.0
KC0365E3036,2024,教保費收入減項,revenue,-76419.0
KC0365E3036,2024,延長照顧服務收入,revenue,372645.0
KC0365E3036,2024,利息收入,revenue,46381.0
KC0365E3036,2024,其他收入,revenue,912668.0
KC0365E3036,2024,收入合計,total,14628366.0
KC0365E3036,2024,人事費,expense,7736019.0
KC0365E3036,2024,業務費,expense,356353.0
KC0365E3036,2024,材料費,expense,1730759.0
KC0365E3036,2024,維護費,expense,119699.0
KC0365E3036,2024,修繕購置費,expense,153797.0
KC0365E3036,2024,雜支,expense,31902.0
KC0365E3036,2024,行政管理費,expense,254640.0
KC0365E3036,2024,業務發展費,expense,2704670.0
KC0365E3036,2024,延長照顧服務支出,expense,215119.0
KC0365E3036,2024,其他支出,expense,912668.0
KC0365E3036,2024,支出合計,total,14215626.0
KC0365E3036,2024,本期稅前餘絀,surplus,412740.0
KC0365E3036,2024,本期稅後餘絀,surplus,412740.0
KBD1D2CF7BD,2024,教保費收入,revenue,11352000.0
KBD1D2CF7BD,2024,教保費收入減項,revenue,-54894.0
KBD1D2CF7BD,2024,延長照顧服務收入,revenue,186877.0
KBD1D2CF7BD,2024,利息收入,revenue,30871.0
KBD1D2CF7BD,2024,其他收入,revenue,1886564.0
KBD1D2CF7BD,2024,收入合計,total,13401418.0
KBD1D2CF7BD,2024,人事費,expense,7010982.0
KBD1D2CF7BD,2024,業務費,expense,472428.0
KBD1D2CF7BD,2024,材料費,expense,1319717.0
KBD1D2CF7BD,2024,維護費,expense,43007.0
KBD1D2CF7BD,2024,修繕購置費,expense,145126.0
KBD1D2CF7BD,2024,雜支,expense,19445.0
KBD1D2CF7BD,2024,行政管理費,expense,214218.0
KBD1D2CF7BD,2024,業務發展費,expense,1716198.0
KBD1D2CF7BD,2024,延長照顧服務支出,expense,170848.0
KBD1D2CF7BD,2024,其他支出,expense,1886564.0
KBD1D2CF7BD,2024,支出合計,total,12998533.0
KBD1D2CF7BD,2024,本期稅前餘絀,surplus,402885.0
KBD1D2CF7BD,2024,本期稅後餘絀,surplus,402885.0
KED39D6F381,2024,教保費收入,revenue,21081000.0
KED39D6F381,2024,教保費收入減項,revenue,-279698.0
KED39D6F381,2024,延長照顧服務收入,revenue,24120.0
KED39D6F381,2024,利息收入,revenue,93188.0
KED39D6F381,2024,其他收入,revenue,1752738.0
KED39D6F381,2024,收入合計,total,22671348.0
KED39D6F381,2024,人事費,expense,14911253.0
KED39D6F381,2024,業務費,expense,317822.0
KED39D6F381,2024,材料費,expense,2138437.0
KED39D6F381,2024,維護費,expense,124777.0
KED39D6F381,2024,修繕購置費,expense,247266.0
KED39D6F381,2024,雜支,expense,11473.0
KED39D6F381,2024,行政管理費,expense,292332.0
KED39D6F381,2024,業務發展費,expense,2687656.0
KED39D6F381,2024,延長照顧服務支出,expense,24120.0
KED39D6F381,2024,其他支出,expense,1752738.0
KED39D6F381,2024,支出合計,total,22507874.0
KED39D6F381,2024,本期稅前餘絀,surplus,163474.0
KED39D6F381,2024,本期稅後餘絀,surplus,163474.0
K78C0A96435,2024,教保費收入,revenue,19828000.0
K78C0A96435,2024,教保費收入減項,revenue,-646360.0
K78C0A96435,2024,延長照顧服務收入,revenue,170730.0
K78C0A96435,2024,利息收入,revenue,100941.0
K78C0A96435,2024,其他收入,revenue,3475636.0
K78C0A96435,2024,收入合計,total,22928947.0
K78C0A96435,2024,人事費,expense,13994993.0
K78C0A96435,2024,業務費,expense,651446.0
K78C0A96435,2024,材料費,expense,1979761.0
K78C0A96435,2024,維護費,expense,73807.0
K78C0A96435,2024,修繕購置費,expense,304052.0
K78C0A96435,2024,雜支,expense,13488.0
K78C0A96435,2024,行政管理費,expense,341798.0
K78C0A96435,2024,業務發展費,expense,4089648.0
K78C0A96435,2024,延長照顧服務支出,expense,166365.0
K78C0A96435,2024,其他支出,expense,3475636.0
K78C0A96435,2024,支出合計,total,25090994.0
K78C0A96435,2024,本期稅前餘絀,surplus,-2162047.0
K78C0A96435,2024,本期稅後餘絀,surplus,-2162047.0
KD6A7087AF1,2024,教保費收入,revenue,13844381.0
KD6A7087AF1,2024,教保費收入減項,revenue,-391782.0
KD6A7087AF1,2024,延長照顧服務收入,revenue,280619.0
KD6A7087AF1,2024,利息收入,revenue,37181.0
KD6A7087AF1,2024,其他收入,revenue,1852161.0
KD6A7087AF1,2024,收入合計,total,15622560.0
KD6A7087AF1,2024,人事費,expense,8382581.0
KD6A7087AF1,2024,業務費,expense,626879.0
KD6A7087AF1,2024,材料費,expense,1383684.0
KD6A7087AF1,2024,維護費,expense,74590.0
KD6A7087AF1,2024,修繕購置費,expense,147473.0
KD6A7087AF1,2024,公共事務管理費,expense,3623.0
KD6A7087AF1,2024,雜支,expense,20071.0
KD6A7087AF1,2024,行政管理費,expense,259140.0
KD6A7087AF1,2024,業務發展費,expense,2760743.0
KD6A7087AF1,2024,延長照顧服務支出,expense,111615.0
KD6A7087AF1,2024,其他支出,expense,1852161.0
KD6A7087AF1,2024,支出合計,total,135622560.0
KD6A7087AF1,2024,本期稅前餘絀,surplus,926600.0
KD6A7087AF1,2024,本期稅後餘絀,surplus,926600.0
KE64497C5B3,2024,教保費收入,revenue,22456712.0
KE64497C5B3,2024,教保費收入減項,revenue,-198346.0
KE64497C5B3,2024,延長照顧服務收入,revenue,80955.0
KE64497C5B3,2024,利息收入,revenue,48139.0
KE64497C5B3,2024,其他收入,revenue,1191677.0
KE64497C5B3,2024,收入合計,total,23579137.0
KE64497C5B3,2024,人事費,expense,14384345.0
KE64497C5B3,2024,業務費,expense,689747.0
KE64497C5B3,2024,材料費,expense,2414704.0
KE64497C5B3,2024,維護費,expense,27419.0
KE64497C5B3,2024,修繕購置費,expense,289239.0
KE64497C5B3,2024,雜支,expense,33570.0
KE64497C5B3,2024,行政管理費,expense,366667.0
KE64497C5B3,2024,業務發展費,expense,1270727.0
KE64497C5B3,2024,延長照顧服務支出,expense,80955.0
KE64497C5B3,2024,其他支出,expense,1191677.0
KE64497C5B3,2024,支出合計,total,20749050.0
KE64497C5B3,2024,本期稅前餘絀,surplus,2830087.0
KE64497C5B3,2024,本期稅後餘絀,surplus,2830087.0
K5ED8D8140E,2024,教保費收入,revenue,10866517.0
K5ED8D8140E,2024,教保費收入減項,revenue,-56787.0
K5ED8D8140E,2024,延長照顧服務收入,revenue,216549.0
K5ED8D8140E,2024,利息收入,revenue,29545.0
K5ED8D8140E,2024,其他收入,revenue,1123216.0
K5ED8D8140E,2024,收入合計,total,12179040.0
K5ED8D8140E,2024,人事費,expense,7273300.0
K5ED8D8140E,2024,業務費,expense,614626.0
K5ED8D8140E,2024,材料費,expense,1064629.0
K5ED8D8140E,2024,維護費,expense,76025.0
K5ED8D8140E,2024,修繕購置費,expense,217115.0
K5ED8D8140E,2024,公共事務管理費,expense,12500.0
K5ED8D8140E,2024,雜支,expense,26503.0
K5ED8D8140E,2024,行政管理費,expense,69134.0
K5ED8D8140E,2024,延長照顧服務支出,expense,216549.0
K5ED8D8140E,2024,其他支出,expense,1123216.0
K5ED8D8140E,2024,支出合計,total,10793597.0
K5ED8D8140E,2024,本期稅前餘絀,surplus,1385443.0
K5ED8D8140E,2024,本期稅後餘絀,surplus,1385443.0
KADFAD6E665,2024,教保費收入,revenue,8761524.0
KADFAD6E665,2024,教保費收入減項,revenue,-96164.0
KADFAD6E665,2024,延長照顧服務收入,revenue,143181.0
KADFAD6E665,2024,利息收入,revenue,28135.0
KADFAD6E665,2024,其他收入,revenue,1148629.0
KADFAD6E665,2024,收入合計,total,9985305.0
KADFAD6E665,2024,人事費,expense,5720932.0
KADFAD6E665,2024,業務費,expense,370742.0
KADFAD6E665,2024,材料費,expense,683462.0
KADFAD6E665,2024,維護費,expense,82646.0
KADFAD6E665,2024,修繕購置費,expense,168062.0
KADFAD6E665,2024,雜支,expense,24532.0
KADFAD6E665,2024,行政管理費,expense,161045.0
KADFAD6E665,2024,業務發展費,expense,92221.0
KADFAD6E665,2024,延長照顧服務支出,expense,100373.0
KADFAD6E665,2024,其他支出,expense,1148429.0
KADFAD6E665,2024,支出合計,total,8552444.0
KADFAD6E665,2024,本期稅前餘絀,surplus,1432861.0
KADFAD6E665,2024,本期稅後餘絀,surplus,1432861.0
K0E4D879E24,2024,教保費收入,revenue,22846800.0
K0E4D879E24,2024,教保費收入減項,revenue,-498306.0
K0E4D879E24,2024,延長照顧服務收入,revenue,256399.0
K0E4D879E24,2024,利息收入,revenue,48458.0
K0E4D879E24,2024,其他收入,revenue,1836841.0
K0E4D879E24,2024,收入合計,total,24490192.0
K0E4D879E24,2024,人事費,expense,15226479.0
K0E4D879E24,2024,業務費,expense,921994.0
K0E4D879E24,2024,材料費,expense,1889649.0
K0E4D879E24,2024,維護費,expense,32161.0
K0E4D879E24,2024,修繕購置費,expense,279548.0
K0E4D879E24,2024,公共事務管理費,expense,91027.0
K0E4D879E24,2024,雜支,expense,38830.0
K0E4D879E24,2024,行政管理費,expense,333333.0
K0E4D879E24,2024,業務發展費,expense,1421287.0
K0E4D879E24,2024,延長照顧服務支出,expense,205822.0
K0E4D879E24,2024,其他支出,expense,1836841.0
K0E4D879E24,2024,支出合計,total,22276971.0
K0E4D879E24,2024,本期稅前餘絀,surplus,2213221.0
K0E4D879E24,2024,本期稅後餘絀,surplus,2213221.0
